"model_id","wis_scaled_relative_skill","wis","ae_median_scaled_relative_skill","ae_median","interval_coverage_50","interval_coverage_95","n"
"epiENGAGE-Copycat",0.43670248023797,55.5052380952381,0.398112628461547,106.1,0.5,0.928571428571429,300
"epiENGAGE-GBQR",0.363386592552309,55.6877808786236,0.366022333833975,107.223739784302,0.306666666666667,0.933333333333333,390
"epiENGAGE-INFLAenza",0.458494552076779,74.4591187169312,0.353014797035102,140.90873015873,0.702380952380952,1,312
"epiENGAGE-baseline",1,211.2202940218,1,384.87,0.183333333333333,0.816666666666667,390
"epiENGAGE-ensemble_mean",0.390870846021612,33.1069148015469,0.365479752060978,58.9993316750511,0.66,1,240
"epiENGAGE-lop_norm",0.411281223759444,34.8258684764304,0.395239813606914,63.8127833628815,0.646666666666667,1,240
"epiforecasts-dyngam",0.434322700454105,42.3219313271605,0.403407378931214,77.4138888888889,0.744444444444444,1,270
