"model_id","wis_scaled_relative_skill","wis","ae_median_scaled_relative_skill","ae_median","interval_coverage_50","interval_coverage_95","n"
"epiENGAGE-Copycat",0.422150504458261,50.3958024691358,0.403428097061856,99.0814814814815,0.47037037037037,0.944444444444444,360
"epiENGAGE-GBQR",0.425637075062935,56.4618472519986,0.383749823547678,103.643065914983,0.283333333333333,0.863888888888889,450
"epiENGAGE-INFLAenza",0.460700253704105,67.7057981481481,0.339300990192881,123.745,0.723333333333333,1,360
"epiENGAGE-baseline",1,189.039342696864,1,350.652777777778,0.191666666666667,0.847222222222222,450
"epiENGAGE-ensemble_mean",0.408942411771142,35.1062266902974,0.404103055116752,67.5799449486568,0.59047619047619,1,264
"epiENGAGE-lop_norm",0.42710446613923,36.6387519884499,0.424064315696627,70.7560681342147,0.557142857142857,1,264
"epiforecasts-dyngam",0.453343290921237,42.8848153935185,0.443464881227582,82.8958333333333,0.675,1,330
