"model_id","wis_scaled_relative_skill","wis","ae_median_scaled_relative_skill","ae_median","interval_coverage_50","interval_coverage_95","n"
"epiENGAGE-Copycat",0.442864740139616,70.2236111111111,0.450089103155551,144.533333333333,0.391666666666667,0.883333333333333,210
"epiENGAGE-GBQR",0.366706376080452,65.9538137533151,0.40024458032374,127.930293438618,0.295238095238095,0.923809523809524,300
"epiENGAGE-INFLAenza",0.468325806370706,88.883099537037,0.422162798249786,179.916666666667,0.605555555555556,1,240
"epiENGAGE-baseline",1,269.239166914269,1,476.604761904762,0.128571428571429,0.738095238095238,300
"epiENGAGE-ensemble_mean",0.413153432770705,36.1485624687564,0.421630264813784,70.3923431680773,0.633333333333333,1,120
"epiENGAGE-lop_norm",0.436098044483647,38.1560847692838,0.45816671130557,76.4922043360791,0.616666666666667,1,120
"epiforecasts-dyngam",0.422513189323501,47.4989413580247,0.44215277109123,96.3166666666667,0.633333333333333,1,180
