"model_id","wis_scaled_relative_skill","wis","ae_median_scaled_relative_skill","ae_median","interval_coverage_50","interval_coverage_95","n"
"epiENGAGE-Copycat",0.413694412709037,47.7743518518519,0.397996482770108,94.2333333333333,0.46,0.936666666666667,390
"epiENGAGE-GBQR",0.448832525340373,56.4073478372374,0.394745733514065,101.892663198283,0.271794871794872,0.841025641025641,480
"epiENGAGE-INFLAenza",0.466460821883929,65.2785035150892,0.347608691543494,118.780864197531,0.716049382716049,0.987654320987654,384
"epiENGAGE-baseline",1,179.721032541088,1,334.866666666667,0.202564102564103,0.858974358974359,480
"epiENGAGE-ensemble_mean",0.41533143292635,35.0937144497752,0.413444071640775,68.3633130878223,0.566666666666667,0.983333333333333,288
"epiENGAGE-lop_norm",0.431269837269387,36.4099215140542,0.432137839405475,71.3347229204151,0.541666666666667,0.991666666666667,288
"epiforecasts-dyngam",0.453194019453917,41.8807006172839,0.445834695152049,81.5407407407407,0.67037037037037,0.988888888888889,360
