"model_id","wis_scaled_relative_skill","wis","ae_median_scaled_relative_skill","ae_median","interval_coverage_50","interval_coverage_95","n"
"epiENGAGE-Copycat",0.40239453325868,77.5551234567901,0.403063978174563,165.288888888889,0.333333333333333,0.855555555555556,180
"epiENGAGE-GBQR",0.332825633252645,37.0182125123742,0.32238087347904,68.3132603765752,0.380952380952381,0.94047619047619,180
"epiENGAGE-INFLAenza",0.429416566316321,65.0711755952381,0.366256069980422,123.119047619048,0.666666666666667,1,144
"epiENGAGE-baseline",1,211.469153942523,1,398.722222222222,0.111111111111111,0.822222222222222,150
"epiENGAGE-ensemble_mean",0.390326078511286,35.1995045555082,0.364969869243971,65.2739122464593,0.583333333333333,1,120
"epiENGAGE-lop_norm",0.408126946610363,36.8047822252331,0.381060085960276,68.1516056739805,0.611111111111111,1,120
"epiforecasts-dyngam",0.399135725357307,49.4364050925926,0.402863726877362,105.675,0.583333333333333,1,150
