"model_id","wis_scaled_relative_skill","wis","ae_median_scaled_relative_skill","ae_median","interval_coverage_50","interval_coverage_95","n"
"epiENGAGE-Copycat",0.436246644378923,58.4056172839506,0.39450593355164,111.85,0.494444444444444,0.922222222222222,270
"epiENGAGE-GBQR",0.348507949296003,57.3143770548839,0.370967178534305,112.082036705959,0.307407407407407,0.937037037037037,360
"epiENGAGE-INFLAenza",0.465352702279368,78.4047770467836,0.366201852896851,150.631578947368,0.684210526315789,1,288
"epiENGAGE-baseline",1,225.936007553335,1,407.744444444444,0.166666666666667,0.796296296296296,360
"epiENGAGE-ensemble_mean",0.390293809854771,32.8799408832848,0.355972443660842,56.3541308813845,0.708333333333333,1,210
"epiENGAGE-lop_norm",0.412047370087239,34.7081686206527,0.394182758611744,62.4278545748019,0.708333333333333,1,210
"epiforecasts-dyngam",0.41932122665158,42.0028231481481,0.379779698191108,75.12,0.753333333333333,1,240
