"model_id","wis","ae_median","interval_coverage_50","interval_coverage_95","n"
"epiENGAGE-Copycat",0.0652508290535373,0.101120047823737,0.826666666666667,1,125
"epiENGAGE-GBQR",0.0528467653616824,0.11059665052407,0.333333333333333,0.96,125
"epiENGAGE-INFLAenza",0.0767563539749073,0.122999023557102,0.8,1,100
"epiENGAGE-baseline",0.168979169113558,0.221066666666667,0.773333333333333,1,125
"epiENGAGE-ensemble_mean",0.0742417597869176,0.108221132124609,0.853333333333333,1,110
"epiENGAGE-lop_norm",0.0729797070103079,0.096274716422375,0.8,1,110
"epiforecasts-dyngam",0.0744272988001852,0.10721144,0.933333333333333,1,150
