"model_id","wis","ae_median","interval_coverage_50","interval_coverage_95","n"
"epiENGAGE-Copycat",0.379222222222222,0.591,0.833333333333333,1,125
"epiENGAGE-GBQR",0.233776566344626,0.400278323321072,0.1,0.72,125
"epiENGAGE-INFLAenza",0.220737456632816,0.474806653430998,0.46,1,100
"epiENGAGE-baseline",0.51260438869425,1.1654,0.08,1,125
"epiENGAGE-ensemble_mean",0.221358380368082,0.440575672355513,0.42,0.94,145
"epiENGAGE-lop_norm",0.221792318141867,0.431642238017461,0.32,1,145
"epiforecasts-dyngam",0.190125891177778,0.38969778,0.52,1,150
