"model_id","wis","ae_median","interval_coverage_50","interval_coverage_95","n"
"epiENGAGE-Copycat",0.429333333333333,0.751666666666667,0.766666666666667,1,125
"epiENGAGE-GBQR",0.29935102775931,0.47523777720362,0.12,0.64,125
"epiENGAGE-INFLAenza",0.259069499097053,0.531726406119873,0.5,1,100
"epiENGAGE-baseline",0.532928746774552,1.2214,0.1,1,100
"epiENGAGE-ensemble_mean",0.250169586259578,0.515164731236462,0.3,0.94,110
"epiENGAGE-lop_norm",0.249735879477208,0.501965628540253,0.22,1,110
"epiforecasts-dyngam",0.221092068655556,0.423194,0.56,1,150
