"model_id","wis","ae_median","interval_coverage_50","interval_coverage_95","n"
"epiENGAGE-Copycat",0.301703703703704,0.385666666666667,0.933333333333333,1,125
"epiENGAGE-GBQR",0.119358007037443,0.243357873092984,0.18,0.92,125
"epiENGAGE-INFLAenza",0.158513618101165,0.324565029375247,0.56,1,100
"epiENGAGE-baseline",0.311544632132132,0.6986,0.22,1,125
"epiENGAGE-ensemble_mean",0.150296566722447,0.287236318587987,0.66,1,150
"epiENGAGE-lop_norm",0.156224279322748,0.268076327998972,0.54,1,150
"epiforecasts-dyngam",0.13998854205,0.26070763,0.64,1,150
