"model_id","wis","ae_median","interval_coverage_50","interval_coverage_95","n"
"epiENGAGE-Copycat",0.117936117474734,0.19576947242225,0.866666666666667,1,125
"epiENGAGE-GBQR",0.0594619180238519,0.115505174159055,0.3,0.92,125
"epiENGAGE-INFLAenza",0.0919293524351542,0.157912038058666,0.74,1,100
"epiENGAGE-baseline",0.165268341702814,0.2304,0.7,1,125
"epiENGAGE-ensemble_mean",0.0873714656765949,0.115650083559086,0.84,1,100
"epiENGAGE-lop_norm",0.0883027876011739,0.108678909781936,0.84,1,100
"epiforecasts-dyngam",0.0783075308802778,0.10856167,0.88,1,150
