"model_id","wis","ae_median","interval_coverage_50","interval_coverage_95","n"
"epiENGAGE-Copycat",0.236645637413389,0.34816578520764,0.914285714285714,1,125
"epiENGAGE-GBQR",0.114535622148553,0.197804019929266,0.2,0.82,125
"epiENGAGE-INFLAenza",0.129120031429947,0.265892959805079,0.54,1,100
"epiENGAGE-baseline",0.224618677900122,0.4318,0.5,1,125
"epiENGAGE-ensemble_mean",0.129843923208326,0.247795420905285,0.66,1,120
"epiENGAGE-lop_norm",0.134473163720384,0.224220111062531,0.62,1,120
"epiforecasts-dyngam",0.111403445208333,0.20764876,0.7,1,150
