"model_id","wis","ae_median","interval_coverage_50","interval_coverage_95","n"
"epiENGAGE-Copycat",0.47562962962963,0.757666666666667,0.966666666666667,1,125
"epiENGAGE-GBQR",0.312822075883469,0.539902690363989,0.2,0.76,100
"epiENGAGE-INFLAenza",0.291188846398814,0.530632906758194,0.68,1,80
"epiENGAGE-baseline",0.470115549271494,1.0494,0.24,1,125
"epiENGAGE-ensemble_mean",0.25932408462822,0.5047510103482,0.54,1,110
"epiENGAGE-lop_norm",0.269302163732343,0.521529085711907,0.46,1,110
"epiforecasts-dyngam",0.247210669211111,0.3780232,0.76,1,150
