"model_id","wis","ae_median","interval_coverage_50","interval_coverage_95","n"
"epiENGAGE-Copycat",0.179177404825335,0.341795318984693,0.875,1,125
"epiENGAGE-GBQR",0.0898949358854906,0.151279779142173,0.28,0.88,125
"epiENGAGE-INFLAenza",0.105688847826519,0.194895079039261,0.68,1,100
"epiENGAGE-baseline",0.172984601240129,0.254,0.72,1,125
"epiENGAGE-ensemble_mean",0.0998449794728417,0.163864872554223,0.8,1,110
"epiENGAGE-lop_norm",0.103200173988771,0.150889725080473,0.78,1,110
"epiforecasts-dyngam",0.0885264362505556,0.14048241,0.86,1,150
