"model_id","wis","ae_median","interval_coverage_50","interval_coverage_95","n"
"epiENGAGE-Copycat",0.324690184539667,0.516573829746173,0.88125,1,250
"epiENGAGE-GBQR",0.401329342811106,0.64244305683916,0.14,0.705,275
"epiENGAGE-INFLAenza",0.279187148140205,0.577385207806395,0.570588235294118,1,220
"epiENGAGE-baseline",0.927978448418115,1.64872727272727,0.290909090909091,0.872727272727273,350
"epiENGAGE-ensemble_mean",0.228768884730832,0.41213718292023,0.589189189189189,0.935135135135135,250
"epiENGAGE-lop_norm",0.234370056311106,0.415357547091475,0.524324324324324,0.962162162162162,250
"epiforecasts-dyngam",0.220616841970413,0.3983314,0.651162790697674,1,320
