"model_id","wis","ae_median","interval_coverage_50","interval_coverage_95","n"
"epiENGAGE-Copycat",0.450444444444444,0.7794,0.82,1,150
"epiENGAGE-GBQR",0.620446987349585,0.987923832443614,0.12,0.61,175
"epiENGAGE-INFLAenza",0.403476807400252,0.844910077826512,0.533333333333333,1,140
"epiENGAGE-baseline",1.24066150476667,2.10851428571429,0.205714285714286,0.8,225
"epiENGAGE-ensemble_mean",0.275621808413244,0.547792206665237,0.426666666666667,0.96,140
"epiENGAGE-lop_norm",0.281900556889553,0.570409437172439,0.36,1,140
"epiforecasts-dyngam",0.306427159027778,0.566219105263158,0.578947368421053,1,200
