"model_id","wis","ae_median","interval_coverage_50","interval_coverage_95","n"
"epiENGAGE-Copycat",0.47562962962963,0.757666666666667,0.966666666666667,1,125
"epiENGAGE-GBQR",0.677438603395641,1.1075088892158,0.133333333333333,0.653333333333333,125
"epiENGAGE-INFLAenza",0.444614755767011,0.917833644585382,0.585714285714286,1,100
"epiENGAGE-baseline",1.32696236587513,2.16986666666667,0.24,0.766666666666667,225
"epiENGAGE-ensemble_mean",0.25932408462822,0.5047510103482,0.54,1,110
"epiENGAGE-lop_norm",0.269302163732343,0.521529085711907,0.46,1,110
"epiforecasts-dyngam",0.330127696734127,0.585013214285714,0.657142857142857,1,170
