"model_id","wis","ae_median","interval_coverage_50","interval_coverage_95","n"
"epiENGAGE-Copycat",0.421274074074074,0.674,0.826666666666667,1,175
"epiENGAGE-GBQR",0.552178153927121,0.873083796678958,0.104,0.608,200
"epiENGAGE-INFLAenza",0.363991387904944,0.759628445184267,0.536363636363636,1,160
"epiENGAGE-baseline",1.15643962828801,2.01445,0.2,0.825,275
"epiENGAGE-ensemble_mean",0.277844519016587,0.518244016306521,0.457142857142857,0.914285714285714,200
"epiENGAGE-lop_norm",0.283219795433803,0.5352329539692,0.380952380952381,0.961904761904762,200
"epiforecasts-dyngam",0.280214767165556,0.518578872,0.584,1,230
