"model_id","wis","ae_median","interval_coverage_50","interval_coverage_95","n"
"epiENGAGE-Copycat",0.295844519051033,0.481103296100007,0.878947368421053,1,275
"epiENGAGE-GBQR",0.363191914129727,0.584981584065985,0.151111111111111,0.728888888888889,300
"epiENGAGE-INFLAenza",0.259003096494694,0.53188374830981,0.589473684210526,1,240
"epiENGAGE-baseline",0.868670584135061,1.53893333333333,0.336666666666667,0.883333333333333,375
"epiENGAGE-ensemble_mean",0.211163480583742,0.374138329927682,0.627906976744186,0.944186046511628,270
"epiENGAGE-lop_norm",0.216530005495688,0.375364979327293,0.576744186046512,0.967441860465116,270
"epiforecasts-dyngam",0.205109973199036,0.366343146938776,0.669387755102041,1,350
