"model_id","wis","ae_median","interval_coverage_50","interval_coverage_95","n"
"epiENGAGE-Copycat",0.390277777777778,0.5913,0.87,1,200
"epiENGAGE-GBQR",0.497381703241942,0.786414296048929,0.113333333333333,0.633333333333333,225
"epiENGAGE-INFLAenza",0.329918301890084,0.68668868464073,0.561538461538462,1,180
"epiENGAGE-baseline",1.07567847647648,1.90195555555556,0.208888888888889,0.844444444444444,300
"epiENGAGE-ensemble_mean",0.267756421539172,0.487391598204133,0.476923076923077,0.907692307692308,230
"epiENGAGE-lop_norm",0.273439165227689,0.498674784844828,0.407692307692308,0.946153846153846,230
"epiforecasts-dyngam",0.258099709558244,0.472453535483871,0.606451612903226,1,260
