"model_id","wis","ae_median","interval_coverage_50","interval_coverage_95","n"
"epiENGAGE-Copycat",0.355276389560015,0.545352326786672,0.876923076923077,1,225
"epiENGAGE-GBQR",0.447063982254462,0.712583897261991,0.114285714285714,0.657142857142857,250
"epiENGAGE-INFLAenza",0.303500025441073,0.633227248481698,0.54,1,200
"epiENGAGE-baseline",0.99771903988989,1.77572,0.248,0.86,325
"epiENGAGE-ensemble_mean",0.247957077204026,0.455294665092048,0.516129032258065,0.92258064516129,230
"epiENGAGE-lop_norm",0.253866768191467,0.463458493827016,0.445161290322581,0.954838709677419,230
"epiforecasts-dyngam",0.239310277834084,0.439191921621622,0.6,1,290
