"model_id","location","wis_scaled_relative_skill","wis","ae_median_scaled_relative_skill","ae_median","interval_coverage_50","interval_coverage_95","n"
"ACCIDDA-InfluPaint","athens",0.570294556664768,0.217757562287272,0.631349647668518,0.372595711085396,0.704918032786885,0.950819672131147,64
"ACCIDDA-InfluPaint","austin",1.30917657179384,0.352712683417435,1.28279583741704,0.654201300313971,0.459016393442623,0.852459016393443,64
"ACCIDDA-InfluPaint","baltimore",1.94936865098575,0.462280136598488,2.52823049292372,0.837850906502028,0.540983606557377,0.786885245901639,64
"ACCIDDA-InfluPaint","bangor",0.719428926430828,0.280292140059577,0.948419840127824,0.57289966764753,0.524590163934426,0.934426229508197,64
"ACCIDDA-InfluPaint","beaumont",1.05774092559918,0.365969418103664,1.43112474637491,0.734362550260591,0.327868852459016,0.868852459016393,64
"ACCIDDA-InfluPaint","boston",1.29556415117625,0.350304368659257,1.65194219499464,0.67272609291018,0.459016393442623,0.868852459016393,64
"ACCIDDA-InfluPaint","boulder",0.591843138727328,0.319648423493084,0.716843840125931,0.657878553754971,0.459016393442623,0.950819672131147,64
"ACCIDDA-InfluPaint","charleston",1.70233750253957,0.513629480980073,1.48816294276651,0.816642478803692,0.19672131147541,0.737704918032787,64
"ACCIDDA-InfluPaint","cherokee",0.575544182792913,0.230738207917817,0.718155018238613,0.470203121294741,0.557377049180328,0.983606557377049,64
"ACCIDDA-InfluPaint","clt-area",1.32541122498303,0.669649018166308,1.55428280048777,1.12632635117066,0.311475409836066,0.639344262295082,64
"ACCIDDA-InfluPaint","colorado",0.800685627195394,0.262777685851038,1.0474297375276,0.52445352441219,0.557377049180328,0.934426229508197,64
"ACCIDDA-InfluPaint","colorado-springs",0.957142606481785,0.322827238399026,1.22774315108138,0.663658375484777,0.213114754098361,0.80327868852459,64
"ACCIDDA-InfluPaint","columbia",0.766108230240252,0.185382433342641,0.949045521444501,0.38887805428417,0.573770491803279,1,64
"ACCIDDA-InfluPaint","columbus",0.651031474285229,0.237268856319999,0.773792102864458,0.457649299737493,0.426229508196721,0.770491803278688,64
"ACCIDDA-InfluPaint","dallas",0.922009744327242,0.201889387455874,1.16109555318389,0.425827617564651,0.573770491803279,1,64
"ACCIDDA-InfluPaint","denver",0.551737048063473,0.188464763462684,0.742817335264542,0.394162542819977,0.60655737704918,0.967213114754098,64
"ACCIDDA-InfluPaint","deschutes",1.10891412836363,0.499432469500236,1.09204347336606,0.875465170596955,0.295081967213115,0.770491803278688,64
"ACCIDDA-InfluPaint","duluth",0.44273386624513,0.193640097155264,0.579460133187993,0.404176605754211,0.655737704918033,0.967213114754098,64
"ACCIDDA-InfluPaint","el-paso",1.14891441966103,0.415764605453614,1.58643268178839,0.86771158228155,0.213114754098361,0.786885245901639,64
"ACCIDDA-InfluPaint","eugene",1.35221266089649,0.640063630974002,1.17774481189741,0.893831972070649,0.409836065573771,0.770491803278688,64
"ACCIDDA-InfluPaint","fay-area",1.21932475541491,0.556402295849899,1.6586012259948,1.14434984899691,0.180327868852459,0.754098360655738,64
"ACCIDDA-InfluPaint","florence",0.924108511065834,0.287214428247534,1.00125647888813,0.560272867490278,0.344262295081967,0.901639344262295,64
"ACCIDDA-InfluPaint","floyd",0.676799703201687,0.242232697509809,0.852257750811595,0.450784733212385,0.622950819672131,1,64
"ACCIDDA-InfluPaint","frederick",0.56794498300601,0.26249111838597,0.684532245079277,0.490309258112837,0.360655737704918,0.786885245901639,64
"ACCIDDA-InfluPaint","georgia",0.873155056414136,0.202170834189556,1.13361959929395,0.418531619045334,0.426229508196721,0.967213114754098,64
"ACCIDDA-InfluPaint","greenville",0.644678046253069,0.215681405760325,0.842791404074451,0.483670709552091,0.508196721311475,0.934426229508197,64
"ACCIDDA-InfluPaint","hall",0.996913168398008,0.294322896583044,1.30118637110791,0.606509308619577,0.295081967213115,0.80327868852459,64
"ACCIDDA-InfluPaint","harford",0.463330807296476,0.114218442578971,0.661601300096943,0.23105662486745,0.524590163934426,0.885245901639344,64
"ACCIDDA-InfluPaint","henry",0.701721777904864,0.177733659132181,0.942111407740365,0.349548195298822,0.524590163934426,0.950819672131147,64
"ACCIDDA-InfluPaint","horry",0.669691420282721,0.181358193777516,0.898996853329652,0.375764305801055,0.442622950819672,0.983606557377049,64
"ACCIDDA-InfluPaint","houston",1.83264559711216,0.277240157591364,3.25185847867096,0.600445052233876,0.39344262295082,0.967213114754098,64
"ACCIDDA-InfluPaint","indiana",0.53666220286068,0.196782386584072,0.516885560359552,0.344347465387775,0.540983606557377,0.983606557377049,64
"ACCIDDA-InfluPaint","indianapolis",0.800662389179686,0.384657236284842,0.944530783583724,0.865469488810259,0.426229508196721,0.918032786885246,64
"ACCIDDA-InfluPaint","la-grange",0.581076549825713,0.166350998704875,0.807016955027196,0.341866071767128,0.540983606557377,0.967213114754098,64
"ACCIDDA-InfluPaint","larimer",0.635483668384112,0.167182899092871,0.745647838859533,0.306712984690656,0.622950819672131,0.950819672131147,64
"ACCIDDA-InfluPaint","lynn",1.10443011956892,0.340526473161537,1.76658252474451,0.794897641396669,0.262295081967213,0.934426229508197,64
"ACCIDDA-InfluPaint","macon",0.939979306289204,0.174928238846813,1.49864948852766,0.389134588554257,0.377049180327869,1,64
"ACCIDDA-InfluPaint","maine",0.709282611636279,0.168076198168236,0.824428943288582,0.339322260217588,0.672131147540984,1,64
"ACCIDDA-InfluPaint","marietta",0.62815059845282,0.175099007454332,0.842068782288592,0.363817051092132,0.426229508196721,0.967213114754098,64
"ACCIDDA-InfluPaint","maryland",0.592939968431673,0.15136040676807,0.943807357870849,0.339918246977947,0.311475409836066,0.967213114754098,64
"ACCIDDA-InfluPaint","massachusetts",0.489145291022419,0.152182895370746,0.466864047048282,0.233881058228798,0.80327868852459,0.983606557377049,64
"ACCIDDA-InfluPaint","medford",1.2075554127325,0.955342161630183,1.0016785568358,1.16219369459287,0.262295081967213,0.639344262295082,64
"ACCIDDA-InfluPaint","mesa",0.625649970136983,0.153573888567348,0.888354841662341,0.314183584145102,0.39344262295082,0.786885245901639,64
"ACCIDDA-InfluPaint","minneapolis",0.441895957691646,0.160137678513004,0.509675706404316,0.271733350656072,0.655737704918033,1,64
"ACCIDDA-InfluPaint","minnesota",1.18204063785874,0.388270149544727,1.25034984335969,0.604014820954839,0.721311475409836,0.918032786885246,64
"ACCIDDA-InfluPaint","montgomery",0.83604586219043,0.209737957172181,1.20710210272577,0.424573883277471,0.60655737704918,0.934426229508197,64
"ACCIDDA-InfluPaint","nenc",1.0074075916208,0.300022188811054,1.59425165805344,0.642297181430899,0.360655737704918,0.901639344262295,64
"ACCIDDA-InfluPaint","new-bedford",0.455074675654742,0.192955221405132,0.573867545385041,0.394919256993005,0.60655737704918,1,64
"ACCIDDA-InfluPaint","north-carolina",0.939854710082451,0.298716133440877,1.41124481331599,0.635435126287038,0.540983606557377,1,64
"ACCIDDA-InfluPaint","ogden",0.732553438376276,0.176768748596688,0.929196854941916,0.36645170974194,0.524590163934426,0.967213114754098,64
"ACCIDDA-InfluPaint","oregon",1.70272765775747,0.825020142704866,1.39254225008326,1.12755454206076,0.426229508196721,0.754098360655738,64
"ACCIDDA-InfluPaint","pittsfield",0.919911651608439,0.468281322372305,0.810350667402364,0.715102708604584,0.491803278688525,0.672131147540984,64
"ACCIDDA-InfluPaint","portland",1.21213115487258,0.30874715773852,1.47347363036272,0.618957788282242,0.39344262295082,0.852459016393443,64
"ACCIDDA-InfluPaint","portland-or",1.17733771024248,0.466536024200991,1.21908699963966,0.845490792686822,0.459016393442623,0.786885245901639,64
"ACCIDDA-InfluPaint","provo",0.680355083199896,0.200831759264226,0.859989420903869,0.39395474061492,0.590163934426229,0.934426229508197,64
"ACCIDDA-InfluPaint","roanoke",1.44999985254101,0.52090193710418,1.34138089159083,0.967323096975928,0.295081967213115,0.885245901639344,64
"ACCIDDA-InfluPaint","rochester",1.37794675874829,0.518824616212975,1.35320030707792,0.951574719185468,0.377049180327869,0.852459016393443,64
"ACCIDDA-InfluPaint","rock-hill",0.920932954609224,0.281931117405074,1.45428369174386,0.599009073393755,0.39344262295082,0.836065573770492,64
"ACCIDDA-InfluPaint","rtp-area",0.64253601169722,0.188399417173087,0.810747615849177,0.352448834713365,0.622950819672131,0.967213114754098,64
"ACCIDDA-InfluPaint","salem",0.956069228025818,0.587085211559965,0.907200463700809,0.969058455392474,0.508196721311475,0.885245901639344,64
"ACCIDDA-InfluPaint","salt-lake-city",0.648553195031902,0.170143180812131,0.665469850476932,0.287782430854,0.770491803278688,0.950819672131147,64
"ACCIDDA-InfluPaint","san-antonio",1.80891647827623,0.886743693589409,1.35856678942221,1.21410163607754,0.508196721311475,0.786885245901639,64
"ACCIDDA-InfluPaint","savannah",0.976164086430962,0.261206404590669,1.03309890831284,0.458048311009637,0.377049180327869,0.885245901639344,64
"ACCIDDA-InfluPaint","senc",0.592913542143228,0.145850533205925,0.734682885274764,0.258362659846173,0.557377049180328,1,64
"ACCIDDA-InfluPaint","south-augusta",0.902174981111024,0.213342127287354,1.08573108110637,0.463895139271607,0.475409836065574,0.934426229508197,64
"ACCIDDA-InfluPaint","south-carolina",0.687500367931219,0.183563876685784,0.755282389270054,0.334380599091776,0.836065573770492,1,64
"ACCIDDA-InfluPaint","springfield",1.18132973643351,0.57887091976386,1.37460648112125,1.15155152784019,0.180327868852459,0.721311475409836,64
"ACCIDDA-InfluPaint","st-cloud",1.13921559408825,0.488500880529688,1.32556407125876,0.921631422487439,0.344262295081967,0.852459016393443,64
"ACCIDDA-InfluPaint","st-paul",0.412500729293567,0.145552482922726,0.587937235449046,0.29200181732168,0.540983606557377,1,64
"ACCIDDA-InfluPaint","texas",0.860280655960501,0.222752478878953,1.10215105325352,0.4598413249264,0.672131147540984,0.967213114754098,64
"ACCIDDA-InfluPaint","triad-area",0.446102373047537,0.141619459155175,0.668815906823234,0.307265508541318,0.475409836065574,0.983606557377049,64
"ACCIDDA-InfluPaint","utah",0.561676114469926,0.134647512435714,0.740806514861697,0.272873169208159,0.622950819672131,1,64
"ACCIDDA-InfluPaint","virginia",0.569079217314302,0.168300788071643,0.727526186887901,0.356026820305918,0.655737704918033,0.983606557377049,64
"ACCIDDA-InfluPaint","weld",0.310462223701587,0.174749420615857,0.395641427381129,0.358352225046666,0.60655737704918,0.967213114754098,64
"ACCIDDA-InfluPaint","wnc",0.624727494054661,0.150565542712798,0.749789784191558,0.267001560682156,0.737704918032787,0.967213114754098,64
"ACCIDDA-InfluPaint","worcester",0.840027336490969,0.273072397338321,1.06516660698804,0.541787523158261,0.508196721311475,0.901639344262295,64
"FluSight-ensemble","colorado",0.491257441289513,0.478907599742024,0.810275031129855,1.17701477598683,0.39047619047619,0.980952380952381,108
"FluSight-ensemble","georgia",0.625730995981526,0.642512610009989,0.754508232641381,1.13279825443222,0.571428571428571,0.866666666666667,108
"FluSight-ensemble","indiana",0.697513381432938,0.588985492166814,0.791065091592117,1.13715248088953,0.419047619047619,0.895238095238095,108
"FluSight-ensemble","maine",0.747162883673017,0.533882920921445,0.876616820562291,0.962571310167045,0.438095238095238,0.904761904761905,108
"FluSight-ensemble","maryland",0.521586178816845,0.639559117041913,0.781375761737638,1.35343753638442,0.428571428571429,0.914285714285714,108
"FluSight-ensemble","massachusetts",0.636338419967402,0.722002387026183,0.850427376997874,1.33200157500196,0.295238095238095,0.80952380952381,108
"FluSight-ensemble","minnesota",0.543958125075081,0.764000099381641,0.716987656701397,1.4472845915672,0.533333333333333,0.876190476190476,108
"FluSight-ensemble","north-carolina",0.570867531874456,1.06221502988864,0.765569966216691,1.87568512067238,0.619047619047619,0.857142857142857,108
"FluSight-ensemble","oregon",0.496052500325383,0.344494136567546,0.571257947123912,0.686270696582858,0.619047619047619,0.961904761904762,108
"FluSight-ensemble","south-carolina",0.648094977370316,0.63955572900989,0.693460695822648,1.13124431555064,0.619047619047619,0.866666666666667,108
"FluSight-ensemble","texas",0.548033128409849,0.460975519257122,0.673347570929523,0.976331209970832,0.647619047619048,0.952380952380952,108
"FluSight-ensemble","utah",0.553267172689561,0.459750996802234,0.695493357337839,0.945223924210553,0.666666666666667,0.942857142857143,108
"FluSight-ensemble","virginia",0.604906811236626,0.56764568871321,0.733318106308523,1.1235451375933,0.523809523809524,0.923809523809524,108
"MOBS-EpyStrain_Flu","athens",1.35561269883725,0.522039170253643,1.39680218468658,0.817078769272924,0.353846153846154,0.784615384615385,68
"MOBS-EpyStrain_Flu","austin",1.01654111658657,0.343383456567567,1.06962873351491,0.673832239943112,0.246153846153846,0.784615384615385,68
"MOBS-EpyStrain_Flu","baltimore",1.2071795081449,0.31098725496333,1.24899521794242,0.474704802647634,0.2,0.630769230769231,68
"MOBS-EpyStrain_Flu","bangor",1.47665716846854,0.581730341015917,1.86766083850986,1.12974890507287,0.276923076923077,0.753846153846154,68
"MOBS-EpyStrain_Flu","beaumont",1.45190250411529,0.576539482016059,1.61038520741142,0.965086652877051,0.0615384615384615,0.676923076923077,68
"MOBS-EpyStrain_Flu","boston",1.16335013906691,0.325088386273479,1.34026354287034,0.595353995661812,0.338461538461538,0.784615384615385,68
"MOBS-EpyStrain_Flu","boulder",1.35189870265561,0.73894133896222,1.5073612845176,1.37279553389281,0.153846153846154,0.815384615384615,68
"MOBS-EpyStrain_Flu","charleston",0.988920860898879,0.3832160438368,0.965839968382635,0.705602026083956,0.476923076923077,0.923076923076923,68
"MOBS-EpyStrain_Flu","cherokee",1.57308328639065,0.663711502552653,1.57056206156484,1.06116440304605,0.230769230769231,0.784615384615385,68
"MOBS-EpyStrain_Flu","clt-area",2.15246938596098,1.10061982251062,2.3844287066684,1.729826563774,0.0153846153846154,0.492307692307692,68
"MOBS-EpyStrain_Flu","colorado",1.4035340797289,0.470799676147621,1.68346350551737,0.873688552110066,0.0923076923076923,0.769230769230769,68
"MOBS-EpyStrain_Flu","colorado-springs",1.38904377330461,0.477630563622029,1.81868334115704,1.01758350811221,0.0615384615384615,0.830769230769231,68
"MOBS-EpyStrain_Flu","columbia",1.38977269368412,0.388798471516554,1.593217084236,0.758513441056222,0.276923076923077,0.846153846153846,68
"MOBS-EpyStrain_Flu","columbus",0.899408439251491,0.392812978210258,1.19666792634387,0.886080099180444,0.492307692307692,0.969230769230769,68
"MOBS-EpyStrain_Flu","dallas",1.26541029227185,0.345697343183756,1.36624658521014,0.650584016474155,0.169230769230769,0.692307692307692,68
"MOBS-EpyStrain_Flu","denver",1.38278789835696,0.470753634098647,1.63824819569774,0.862095398414565,0.0461538461538462,0.769230769230769,68
"MOBS-EpyStrain_Flu","deschutes",0.713823337592424,0.387364290234253,0.909881447692911,0.913857903114778,0.323076923076923,1,68
"MOBS-EpyStrain_Flu","duluth",1.34474051970091,0.611116499628954,1.6088169798981,1.15143308083138,0.0461538461538462,0.723076923076923,68
"MOBS-EpyStrain_Flu","el-paso",3.16111830437465,1.13263781713093,2.92904396984595,1.57478136085645,0,0.107692307692308,68
"MOBS-EpyStrain_Flu","eugene",0.545566073778088,0.334990962515505,0.655913105348648,0.658724633521653,0.430769230769231,0.938461538461538,68
"MOBS-EpyStrain_Flu","fay-area",2.53182663556409,1.20945179007607,2.66253165655568,1.92269653688489,0.0307692307692308,0.4,68
"MOBS-EpyStrain_Flu","florence",1.25275529378847,0.426315985061279,1.51737884876808,0.890711350328625,0.307692307692308,0.830769230769231,68
"MOBS-EpyStrain_Flu","floyd",1.5161644327703,0.564419339477512,1.81914681225072,0.988380671663154,0.230769230769231,0.830769230769231,68
"MOBS-EpyStrain_Flu","frederick",0.986832199712031,0.471694394918991,1.07833802426033,0.831902494422975,0.4,0.738461538461539,68
"MOBS-EpyStrain_Flu","georgia",1.43475038636515,0.369332010183704,1.53905388934022,0.631998392812356,0.276923076923077,0.784615384615385,68
"MOBS-EpyStrain_Flu","greenville",1.55593132731318,0.546655450468328,1.52886129128633,0.902293688350565,0.246153846153846,0.753846153846154,68
"MOBS-EpyStrain_Flu","hall",1.15801814614267,0.346402367014202,1.43654709957635,0.666804247771128,0.353846153846154,0.846153846153846,68
"MOBS-EpyStrain_Flu","harford",0.887549398486504,0.243738251198854,1.13955919411679,0.461235730127656,0.353846153846154,0.815384615384615,68
"MOBS-EpyStrain_Flu","henry",1.39917759927641,0.351048568702468,1.63661028663133,0.577679505716452,0.292307692307692,0.815384615384615,68
"MOBS-EpyStrain_Flu","horry",1.15069795931204,0.332436415979989,1.76600324595363,0.778776846008148,0.123076923076923,0.923076923076923,68
"MOBS-EpyStrain_Flu","houston",1.74469596780572,0.277401400201434,2.77838530406464,0.549978234645102,0.0153846153846154,0.584615384615385,68
"MOBS-EpyStrain_Flu","indiana",1.42285944837523,0.549156149136072,1.30757793163641,0.94248829670508,0.246153846153846,0.784615384615385,68
"MOBS-EpyStrain_Flu","indianapolis",1.24242670789248,0.627368466545424,1.05049962496218,1.03502931896398,0.323076923076923,0.8,68
"MOBS-EpyStrain_Flu","la-grange",1.38365279542637,0.436332233315261,1.64983278651825,0.767521222297162,0.415384615384615,0.815384615384615,68
"MOBS-EpyStrain_Flu","larimer",1.22974897665297,0.348092034247851,1.77135597537489,0.793779417895141,0.184615384615385,0.892307692307692,68
"MOBS-EpyStrain_Flu","lynn",1.0158269691771,0.337517850452844,1.38261853199932,0.710445135016254,0.246153846153846,0.861538461538462,68
"MOBS-EpyStrain_Flu","macon",1.07275974755285,0.215082379561409,1.72909773764556,0.497690446196056,0.369230769230769,0.876923076923077,68
"MOBS-EpyStrain_Flu","maine",1.495800062177,0.381521260904677,1.85070981485967,0.819274361992193,0.138461538461538,0.846153846153846,68
"MOBS-EpyStrain_Flu","marietta",1.39573777294021,0.410680395499565,1.39994015602676,0.631209019262292,0.353846153846154,0.815384615384615,68
"MOBS-EpyStrain_Flu","maryland",1.29974648871289,0.365779626035255,1.38066578591118,0.568131920833234,0.169230769230769,0.615384615384615,68
"MOBS-EpyStrain_Flu","massachusetts",1.24954379864963,0.413959927392927,1.35428000474947,0.734184260078707,0.338461538461538,0.707692307692308,68
"MOBS-EpyStrain_Flu","medford",0.472685915994446,0.491972971289573,0.645038597861204,0.981347281180925,0.292307692307692,0.923076923076923,68
"MOBS-EpyStrain_Flu","mesa",1.19120080535426,0.318056940059098,1.70931946242763,0.654897861137771,0.246153846153846,0.861538461538462,68
"MOBS-EpyStrain_Flu","minneapolis",1.6594840590042,0.619664752298957,1.84065512158213,1.00234171273832,0.0615384615384615,0.661538461538462,68
"MOBS-EpyStrain_Flu","minnesota",1.63269633115881,0.57252858583759,1.98631951882167,1.0024128885497,0.0461538461538462,0.692307692307692,68
"MOBS-EpyStrain_Flu","montgomery",1.21757127101698,0.335733013893725,1.32723807127658,0.548858522431777,0.153846153846154,0.707692307692308,68
"MOBS-EpyStrain_Flu","nenc",1.5593496440483,0.505677314416399,1.83952368239473,0.811294758650864,0.292307692307692,0.769230769230769,68
"MOBS-EpyStrain_Flu","new-bedford",1.1774319953351,0.526210415399348,1.35299912265316,1.01086897343136,0.338461538461538,0.784615384615385,68
"MOBS-EpyStrain_Flu","north-carolina",1.98920729793689,0.688743721453572,2.32321935050061,1.14282638221075,0.0307692307692308,0.507692307692308,68
"MOBS-EpyStrain_Flu","ogden",1.21265601543891,0.355630409071581,1.46029429384007,0.715216810934227,0.292307692307692,0.861538461538462,68
"MOBS-EpyStrain_Flu","oregon",0.55577588824178,0.366906497980573,0.604339107463666,0.66781640603749,0.4,0.953846153846154,68
"MOBS-EpyStrain_Flu","pittsfield",1.0306263284577,0.561398012622898,1.09975459291728,1.04780596103248,0.307692307692308,0.784615384615385,68
"MOBS-EpyStrain_Flu","portland",1.24444928783361,0.326713206312011,1.55369422614786,0.688105404645288,0.276923076923077,0.815384615384615,68
"MOBS-EpyStrain_Flu","portland-or",0.640870397373283,0.317584061481405,0.747115987492317,0.679828079061894,0.261538461538462,0.953846153846154,68
"MOBS-EpyStrain_Flu","provo",1.38540733582971,0.389318118112492,1.57621923237531,0.677622417552692,0.153846153846154,0.692307692307692,68
"MOBS-EpyStrain_Flu","roanoke",1.11922806036775,0.420162801486046,1.19092128661597,0.882911291993637,0.384615384615385,0.923076923076923,68
"MOBS-EpyStrain_Flu","rochester",1.30036895889671,0.53074264079948,1.5404232977623,1.16746505497503,0.384615384615385,0.923076923076923,68
"MOBS-EpyStrain_Flu","rock-hill",1.2851570145183,0.408687433041992,1.68990317042153,0.737071560192312,0.2,0.784615384615385,68
"MOBS-EpyStrain_Flu","rtp-area",1.37668867802072,0.436897650558157,1.66859831968795,0.777901332531753,0.2,0.630769230769231,68
"MOBS-EpyStrain_Flu","salem",0.570311318331921,0.486743699096173,0.653950048002041,0.966007284287324,0.446153846153846,0.953846153846154,68
"MOBS-EpyStrain_Flu","salt-lake-city",1.21275053839523,0.326094435765092,1.52911682043713,0.668750014240692,0.2,0.753846153846154,68
"MOBS-EpyStrain_Flu","san-antonio",1.09921206470575,0.728078673287222,1.08021803830396,1.24805284872616,0.2,0.676923076923077,68
"MOBS-EpyStrain_Flu","savannah",0.656693584026482,0.219991907650732,0.749674755713779,0.421919681696142,0.446153846153846,0.938461538461538,68
"MOBS-EpyStrain_Flu","senc",1.60797208881227,0.419293858281172,1.86359450077777,0.705853351704418,0.2,0.769230769230769,68
"MOBS-EpyStrain_Flu","south-augusta",0.93478022587695,0.240045186020975,1.28468690327583,0.600189108656812,0.323076923076923,1,68
"MOBS-EpyStrain_Flu","south-carolina",1.40582413019292,0.413023929670997,1.68044817681886,0.775925605863498,0.323076923076923,0.861538461538462,68
"MOBS-EpyStrain_Flu","springfield",1.44178817716532,0.713983819522798,1.48137367382739,1.25597008170811,0.215384615384615,0.6,68
"MOBS-EpyStrain_Flu","st-cloud",1.37992605440235,0.605737791956414,1.88216714398199,1.33036091955165,0.0923076923076923,0.876923076923077,68
"MOBS-EpyStrain_Flu","st-paul",1.46225576898731,0.533355196964409,1.7799476617173,0.919917319557072,0.0153846153846154,0.738461538461539,68
"MOBS-EpyStrain_Flu","texas",1.52029146330114,0.482966511181331,1.64910652488166,0.863701424167053,0.138461538461538,0.492307692307692,68
"MOBS-EpyStrain_Flu","triad-area",1.04003799380619,0.358672061751404,1.49120936539368,0.753679355999504,0.0461538461538462,0.676923076923077,68
"MOBS-EpyStrain_Flu","utah",1.38070278330587,0.367273332589524,1.69364706522671,0.686943887688803,0.153846153846154,0.630769230769231,68
"MOBS-EpyStrain_Flu","virginia",1.33067918414453,0.412939120148391,1.48122289243684,0.737293626074461,0.307692307692308,0.769230769230769,68
"MOBS-EpyStrain_Flu","weld",1.18172526028336,0.622118636739034,1.20358161882444,1.02043551353586,0.261538461538462,0.784615384615385,68
"MOBS-EpyStrain_Flu","wnc",1.44761106605145,0.382068993267007,1.90700322723762,0.753728839743529,0.230769230769231,0.738461538461539,68
"MOBS-EpyStrain_Flu","worcester",1.19429748786505,0.407994741111319,1.49857950443764,0.81142084048928,0.323076923076923,0.753846153846154,68
"NAU-Copycat","athens",1.18109065648615,1.60598035463682,1.19735813852913,2.37454719342689,0.354838709677419,0.666666666666667,96
"NAU-Copycat","austin",1.19619386677063,0.816326913215821,1.1311997918757,1.37308820961342,0.516129032258065,0.817204301075269,96
"NAU-Copycat","baltimore",0.693492906700075,0.806263512249019,0.932480784769803,1.48691670274157,0.408602150537634,0.870967741935484,96
"NAU-Copycat","bangor",0.892431961463346,0.745125715280698,1.08605002314791,1.40228626016777,0.279569892473118,0.709677419354839,96
"NAU-Copycat","beaumont",0.67981084884911,0.81935288457048,0.87009293559438,1.63965848654408,0.440860215053763,0.838709677419355,96
"NAU-Copycat","boston",0.895295541832871,0.781295000209853,1.17436609911039,1.52348179708903,0.376344086021505,0.817204301075269,96
"NAU-Copycat","boulder",1.06698143448304,1.07346531851864,1.03705492417514,1.60267887813114,0.311827956989247,0.634408602150538,96
"NAU-Copycat","charleston",1.37450569669539,1.06801928599802,1.1086405939952,1.57690888408908,0.559139784946237,0.741935483870968,96
"NAU-Copycat","cherokee",1.29213799431368,2.14235178909555,1.27293954203324,2.9931097416013,0.301075268817204,0.666666666666667,96
"NAU-Copycat","clt-area",0.804932487417101,1.51789460705316,1.12584851782752,2.82325752253919,0.440860215053763,0.752688172043011,96
"NAU-Copycat","colorado",0.648001194919483,0.542691690035448,0.840393918650831,1.03091932399371,0.451612903225806,0.795698924731183,96
"NAU-Copycat","colorado-springs",1.00113926627204,0.998406553201278,1.15665277419301,1.58810286690169,0.440860215053763,0.774193548387097,96
"NAU-Copycat","columbia",1.25039995768573,1.16710508283866,1.1625178778744,1.70513893492628,0.451612903225806,0.78494623655914,96
"NAU-Copycat","columbus",1.06862283823516,1.23622962681761,1.07144546853193,1.91605333890823,0.43010752688172,0.731182795698925,96
"NAU-Copycat","dallas",1.10556104155785,0.984167475094177,0.99191794849436,1.45259776206318,0.602150537634409,0.838709677419355,96
"NAU-Copycat","denver",0.662075670506772,0.478611326421148,0.847899849058846,0.963064567390946,0.32258064516129,0.763440860215054,96
"NAU-Copycat","deschutes",0.963167153206991,0.580859865741773,0.829166640281029,0.938936185744221,0.397260273972603,0.794520547945205,76
"NAU-Copycat","duluth",0.945679584588081,1.33204971768377,1.045065349366,2.1454212643932,0.32258064516129,0.731182795698925,96
"NAU-Copycat","el-paso",1.09326900517578,2.73474203558585,1.26070017696623,3.61674176754539,0.311827956989247,0.709677419354839,96
"NAU-Copycat","eugene",0.702622120312651,0.461365654264662,0.832717651909625,0.921082680676377,0.438356164383562,0.835616438356164,76
"NAU-Copycat","fay-area",1.01005646442373,2.36279499107434,1.15004215495914,3.45916060348533,0.43010752688172,0.78494623655914,96
"NAU-Copycat","florence",1.30360387371372,1.27122621474154,1.24080589486586,1.97965108072102,0.397849462365591,0.731182795698925,96
"NAU-Copycat","floyd",1.13611492978066,1.95948206193131,1.16852163200384,2.72232347509581,0.451612903225806,0.655913978494624,96
"NAU-Copycat","frederick",0.9391613019938,1.26121787350454,0.946600365122371,1.96444365267755,0.354838709677419,0.666666666666667,96
"NAU-Copycat","georgia",1.20834811132167,1.20408740601534,1.18915934835814,1.73447107387681,0.559139784946237,0.731182795698925,96
"NAU-Copycat","greenville",1.3129428902316,1.55050761372977,1.22965752057944,2.25850252813175,0.408602150537634,0.67741935483871,96
"NAU-Copycat","hall",1.23611800328431,1.44256319989861,1.29234373986346,2.09607845503615,0.365591397849462,0.67741935483871,96
"NAU-Copycat","harford",0.982791732235817,1.02939954658393,1.04376283214385,1.53921175058714,0.462365591397849,0.795698924731183,96
"NAU-Copycat","henry",1.17641207722676,1.33202688741712,1.26405815249845,1.94591624512228,0.462365591397849,0.752688172043011,96
"NAU-Copycat","horry",1.19018710847929,1.32374444419792,1.18940654194692,1.94303179270669,0.462365591397849,0.763440860215054,96
"NAU-Copycat","houston",0.948232132968917,0.538029121518409,0.985412769383699,0.77990591585984,0.623655913978495,0.795698924731183,96
"NAU-Copycat","indiana",1.23118153096595,1.00839678858232,1.19969870187469,1.74508957889765,0.516129032258065,0.731182795698925,96
"NAU-Copycat","indianapolis",1.26898020256918,1.00276629978248,1.11568399447448,1.66853833353349,0.494623655913978,0.591397849462366,96
"NAU-Copycat","la-grange",1.13726418075067,1.55163640270119,1.18405465533385,2.26686568502856,0.494623655913978,0.774193548387097,96
"NAU-Copycat","larimer",1.02544258876481,0.832332570189185,1.1629048003172,1.31992196695391,0.451612903225806,0.763440860215054,96
"NAU-Copycat","lynn",0.872899386703795,1.00260677219982,1.07532000274613,1.7078830497045,0.344086021505376,0.817204301075269,96
"NAU-Copycat","macon",1.30285763892677,0.988578716571668,1.28692023111725,1.42812260462299,0.591397849462366,0.806451612903226,96
"NAU-Copycat","maine",1.12849351919193,0.75810117581007,1.30063644745459,1.36110942562353,0.32258064516129,0.78494623655914,96
"NAU-Copycat","marietta",1.21609996365167,1.49019676634941,1.20233919152944,2.0544909093794,0.505376344086022,0.709677419354839,96
"NAU-Copycat","maryland",0.618420311273549,0.676517579391407,0.822736040774408,1.2559674164641,0.473118279569892,0.89247311827957,96
"NAU-Copycat","massachusetts",0.92648779438039,0.935668232376692,1.14106198591322,1.68360448020297,0.333333333333333,0.827956989247312,96
"NAU-Copycat","medford",0.634896095481092,0.743455451190066,0.742668231712978,1.27825469578098,0.383561643835616,0.726027397260274,76
"NAU-Copycat","mesa",1.08042904904971,1.95292685211491,1.13558041284074,2.64006692703026,0.483870967741935,0.806451612903226,96
"NAU-Copycat","minneapolis",0.710465959771607,0.843489540833634,0.945541363861906,1.64619094423409,0.236559139784946,0.752688172043011,96
"NAU-Copycat","minnesota",0.766656203015155,0.890818027334005,0.996028196525429,1.73556222783259,0.376344086021505,0.817204301075269,96
"NAU-Copycat","montgomery",0.70488229472805,0.836557152623034,0.891979692355466,1.50625237556379,0.537634408602151,0.838709677419355,96
"NAU-Copycat","nenc",0.795876043491663,1.3869562033444,0.97723093515553,2.22010836445737,0.462365591397849,0.763440860215054,96
"NAU-Copycat","new-bedford",1.07940414483067,1.48130889527656,1.12138147975308,2.27522934179675,0.279569892473118,0.602150537634409,96
"NAU-Copycat","north-carolina",0.908320096719733,1.58825873985354,1.08964922227285,2.46545490270952,0.559139784946237,0.806451612903226,96
"NAU-Copycat","ogden",1.21591986773827,1.14520117144495,1.18192835078829,1.66908706341513,0.537634408602151,0.78494623655914,96
"NAU-Copycat","oregon",0.492484149579582,0.372753035825222,0.639685864709739,0.825642797396212,0.561643835616438,0.958904109589041,76
"NAU-Copycat","pittsfield",1.42723741499967,1.22518548910325,1.16310911197241,1.86541401831345,0.247311827956989,0.473118279569892,96
"NAU-Copycat","portland",1.00937929627429,0.747563230291174,1.1132139781002,1.24585709627157,0.397849462365591,0.827956989247312,96
"NAU-Copycat","portland-or",0.521725437595564,0.3045909343344,0.639290789264216,0.701572373900911,0.575342465753425,0.958904109589041,76
"NAU-Copycat","provo",1.03689896382571,1.13618989575682,1.20140033464831,1.86470895073237,0.473118279569892,0.795698924731183,96
"NAU-Copycat","roanoke",1.16245873075638,0.737912193128739,0.953072784370473,1.18218086739638,0.505376344086022,0.795698924731183,96
"NAU-Copycat","rochester",1.05727274344142,1.15812726391073,1.01848034121339,1.86984182489506,0.419354838709677,0.731182795698925,96
"NAU-Copycat","rock-hill",1.1631451725223,2.07363336669191,1.20498520208342,2.94032771108822,0.419354838709677,0.720430107526882,96
"NAU-Copycat","rtp-area",0.863407379537229,1.35535233291065,0.967207843170142,2.01367433647439,0.612903225806452,0.78494623655914,96
"NAU-Copycat","salem",0.642434229299795,0.630378614538476,0.687234108061191,1.15837177603255,0.561643835616438,0.808219178082192,76
"NAU-Copycat","salt-lake-city",0.673824335479534,0.475957247308135,0.849663399377741,0.98726068526594,0.591397849462366,0.946236559139785,96
"NAU-Copycat","san-antonio",1.03508285467137,1.31470890980777,1.01512222808672,2.0817046821528,0.451612903225806,0.688172043010753,96
"NAU-Copycat","savannah",1.05168851407354,0.77430102098863,1.18412198704003,1.25466648045279,0.473118279569892,0.752688172043011,96
"NAU-Copycat","senc",0.979030561423075,1.47246006950279,1.12512313239288,2.22640972521807,0.419354838709677,0.741935483870968,96
"NAU-Copycat","south-augusta",1.35275629435599,0.84474251630933,1.30588330406989,1.29017054004633,0.419354838709677,0.752688172043011,96
"NAU-Copycat","south-carolina",1.17777924519055,1.15666411846565,1.11341966745214,1.70376373402238,0.537634408602151,0.795698924731183,96
"NAU-Copycat","springfield",1.11954947177459,1.57240271866203,1.13087117734278,2.38221229752113,0.247311827956989,0.516129032258065,96
"NAU-Copycat","st-cloud",0.984747317133609,0.848430136877871,0.888459921076823,1.34203678174195,0.387096774193548,0.720430107526882,96
"NAU-Copycat","st-paul",0.765564217633021,1.02675029672743,1.03515151806075,1.96098385203785,0.290322580645161,0.752688172043011,96
"NAU-Copycat","texas",1.13123877632041,1.01449940069779,1.00736133710392,1.46828789992368,0.612903225806452,0.795698924731183,96
"NAU-Copycat","triad-area",0.79788476102214,1.32869645723066,0.935084308413132,2.09315815560992,0.602150537634409,0.849462365591398,96
"NAU-Copycat","utah",0.907546939819299,0.730068658107268,1.09294798049966,1.3934113045934,0.612903225806452,0.838709677419355,96
"NAU-Copycat","virginia",0.936700443070947,0.887419520187193,0.976722769807865,1.46291508114647,0.505376344086022,0.817204301075269,96
"NAU-Copycat","weld",1.0754468032463,1.3174421521063,1.02550486924686,2.01800678420929,0.236559139784946,0.559139784946237,96
"NAU-Copycat","wnc",1.05812350549736,1.37384463413024,1.14306203082475,1.97841312682169,0.559139784946237,0.741935483870968,96
"NAU-Copycat","worcester",0.956867074916289,1.07138492278558,1.11648732295468,1.78120098274437,0.301075268817204,0.827956989247312,96
"NAU-INFLAenza","athens",0.732141651467378,0.793879573086094,0.892471423968792,1.42752029590457,0.494117647058824,0.870588235294118,88
"NAU-INFLAenza","austin",0.64967440896227,0.344574008678623,0.728044905806854,0.699018929987007,0.423529411764706,0.976470588235294,88
"NAU-INFLAenza","baltimore",0.686406891615603,0.587799755128835,0.908172319014425,1.13002481476919,0.541176470588235,0.858823529411765,88
"NAU-INFLAenza","bangor",0.670591937759703,0.515557241519847,0.866322062075389,1.00373452711103,0.541176470588235,0.964705882352941,88
"NAU-INFLAenza","beaumont",0.665653950818673,0.63594084486725,0.776901160577942,1.1104215641495,0.588235294117647,0.905882352941176,88
"NAU-INFLAenza","boston",0.599094470919943,0.414016172698324,0.813643754097197,0.83322033352766,0.494117647058824,0.952941176470588,88
"NAU-INFLAenza","boulder",0.593416332860124,0.484402271646172,0.855070977485617,1.13207603822719,0.4,1,88
"NAU-INFLAenza","charleston",0.694545931899667,0.421493828535076,0.725367944385748,0.826670721022592,0.611764705882353,0.976470588235294,88
"NAU-INFLAenza","cherokee",0.756134350004022,0.948152800728387,0.870660520982722,1.58953262940819,0.552941176470588,0.870588235294118,88
"NAU-INFLAenza","clt-area",0.623468248298979,0.872746378127842,0.917855003238173,1.77750194714441,0.423529411764706,0.858823529411765,88
"NAU-INFLAenza","colorado",0.447007694814028,0.311791017516684,0.655758491040553,0.682002371286746,0.529411764705882,0.941176470588235,88
"NAU-INFLAenza","colorado-springs",0.494313547516777,0.378948484323528,0.674257908584241,0.764923758079988,0.635294117647059,0.976470588235294,88
"NAU-INFLAenza","columbia",0.727821277014066,0.513076937383968,0.777914127438712,0.902140364733001,0.541176470588235,0.929411764705882,88
"NAU-INFLAenza","columbus",0.646202201251596,0.565003266085103,0.680542926840205,0.940390703315146,0.564705882352941,0.811764705882353,88
"NAU-INFLAenza","dallas",0.69309886444954,0.412948113681001,0.665730362981351,0.692091016961579,0.635294117647059,0.964705882352941,88
"NAU-INFLAenza","denver",0.553936178080267,0.352128778146133,0.768342031175389,0.76377756164439,0.552941176470588,0.988235294117647,88
"NAU-INFLAenza","deschutes",0.738614577902432,0.436817946855361,0.769206065335062,0.87302423240468,0.561643835616438,0.986301369863014,76
"NAU-INFLAenza","duluth",0.686993391503298,0.754091250868054,0.86274159927053,1.49483613483494,0.564705882352941,0.952941176470588,88
"NAU-INFLAenza","el-paso",0.931553403390668,1.40183979374334,1.2302049699904,2.22170656620438,0.211764705882353,0.835294117647059,88
"NAU-INFLAenza","eugene",0.719819998806259,0.500361750509659,0.794351614103007,0.919140975688392,0.506849315068493,0.931506849315068,76
"NAU-INFLAenza","fay-area",0.662372984270293,1.01765491638107,0.897604653599278,1.99347033359694,0.458823529411765,0.905882352941176,88
"NAU-INFLAenza","florence",0.713987682716215,0.516782187501214,0.796573932283271,0.985953983155938,0.529411764705882,0.964705882352941,88
"NAU-INFLAenza","floyd",0.732386419774477,0.944736907192681,0.86787363920429,1.56647607974486,0.576470588235294,0.894117647058824,88
"NAU-INFLAenza","frederick",0.617017812842828,0.647200675352068,0.767231563430806,1.29469231672,0.317647058823529,0.835294117647059,88
"NAU-INFLAenza","georgia",0.46744499608203,0.333628421975648,0.601631299351199,0.648301675586404,0.552941176470588,0.917647058823529,88
"NAU-INFLAenza","greenville",0.693977541367385,0.653523723591146,0.750158859925228,1.1104406643637,0.611764705882353,0.941176470588235,88
"NAU-INFLAenza","hall",0.703602341901045,0.624884439757166,0.85253588715354,1.11289139985489,0.423529411764706,0.870588235294118,88
"NAU-INFLAenza","harford",0.644302112500828,0.486244933938857,0.836236992009488,0.970986306294963,0.341176470588235,0.929411764705882,88
"NAU-INFLAenza","henry",0.728069389038431,0.604003112712389,0.893015804754643,1.03725703071267,0.658823529411765,0.894117647058824,88
"NAU-INFLAenza","horry",0.742944848079889,0.583962858006281,0.808989156606258,0.994664856313763,0.635294117647059,0.905882352941176,88
"NAU-INFLAenza","houston",0.650772282969891,0.286204337919457,0.761883589849182,0.514585612768339,0.8,0.941176470588235,88
"NAU-INFLAenza","indiana",0.553337432325718,0.354017763329077,0.686235555354722,0.762422834607375,0.294117647058824,0.929411764705882,88
"NAU-INFLAenza","indianapolis",0.664488074550868,0.452332124337757,0.776883744972565,0.960469746011723,0.458823529411765,0.976470588235294,88
"NAU-INFLAenza","la-grange",0.743580198039608,0.712198213571474,0.868901624080528,1.18781881726111,0.564705882352941,0.905882352941176,88
"NAU-INFLAenza","larimer",0.624063913479385,0.361345267851001,0.812615428626991,0.711618415551204,0.576470588235294,0.917647058823529,88
"NAU-INFLAenza","lynn",0.547980841388881,0.486334107637068,0.727084572690374,0.923373278201825,0.529411764705882,0.952941176470588,88
"NAU-INFLAenza","macon",0.753507196619255,0.37289329276353,0.860768084570927,0.662951321830476,0.564705882352941,0.929411764705882,88
"NAU-INFLAenza","maine",0.64133666989642,0.339971946615617,0.648635585985405,0.537366527214079,0.6,0.952941176470588,88
"NAU-INFLAenza","marietta",0.670158621040661,0.627429402711219,0.837586059023384,1.10183445713105,0.505882352941176,0.894117647058824,88
"NAU-INFLAenza","maryland",0.504182823309847,0.42137746288664,0.737514707971606,0.887656680776327,0.317647058823529,0.847058823529412,88
"NAU-INFLAenza","massachusetts",0.55417437025791,0.430270929851159,0.764468862391665,0.86790921885228,0.247058823529412,0.870588235294118,88
"NAU-INFLAenza","medford",0.715161042584894,0.882311693527719,0.814805862014404,1.45332020533821,0.26027397260274,0.684931506849315,76
"NAU-INFLAenza","mesa",0.544432671346676,0.62997075778021,0.58267087927611,0.911920721636975,0.623529411764706,0.835294117647059,88
"NAU-INFLAenza","minneapolis",0.701688881067605,0.687317033650317,0.899089217989755,1.36875015375801,0.658823529411765,0.941176470588235,88
"NAU-INFLAenza","minnesota",0.435204112126546,0.390100986857649,0.646016316459351,0.902188286544442,0.505882352941176,0.988235294117647,88
"NAU-INFLAenza","montgomery",0.617084717768293,0.550901660002424,0.815576108525207,1.08616583400287,0.611764705882353,0.917647058823529,88
"NAU-INFLAenza","nenc",0.597054653242084,0.822062687776775,0.844169501227472,1.58428849233961,0.494117647058824,0.894117647058824,88
"NAU-INFLAenza","new-bedford",0.676081777388832,0.724704988175459,0.856098576033923,1.37519728283241,0.364705882352941,0.894117647058824,88
"NAU-INFLAenza","north-carolina",0.484391354833813,0.469688417249939,0.70581656030547,0.984287637003145,0.567901234567901,0.950617283950617,84
"NAU-INFLAenza","ogden",0.496693935017971,0.315934444129619,0.628762284840113,0.626876847929084,0.541176470588235,0.941176470588235,88
"NAU-INFLAenza","oregon",0.571690334342679,0.451078934872363,0.61783232779106,0.817899820350886,0.410958904109589,0.917808219178082,76
"NAU-INFLAenza","pittsfield",0.757347678883339,0.598799608251363,0.696588375983375,0.951500367517658,0.305882352941176,0.670588235294118,88
"NAU-INFLAenza","portland",0.656519929383778,0.360095296036043,0.711610111258538,0.633968710341234,0.694117647058824,0.964705882352941,88
"NAU-INFLAenza","portland-or",0.733040519688547,0.435182431782526,0.729135748076127,0.81486428229243,0.657534246575342,0.958904109589041,76
"NAU-INFLAenza","provo",0.470429790842471,0.377233793550709,0.633767724544912,0.725958683548947,0.411764705882353,0.941176470588235,88
"NAU-INFLAenza","roanoke",0.833920655868163,0.434578884199877,0.679163641572394,0.702361843262784,0.694117647058824,0.964705882352941,88
"NAU-INFLAenza","rochester",0.895301582154409,0.726123719340366,0.651704539180875,0.920845344446508,0.670588235294118,0.929411764705882,88
"NAU-INFLAenza","rock-hill",0.794964829624384,0.965711705642318,0.881073281901315,1.5512805388568,0.541176470588235,0.847058823529412,88
"NAU-INFLAenza","rtp-area",0.530756335918592,0.56517408787378,0.746584657665933,1.15152915503987,0.458823529411765,0.941176470588235,88
"NAU-INFLAenza","salem",0.715329006917087,0.738377168043701,0.693266329858573,1.21223816020038,0.602739726027397,0.904109589041096,76
"NAU-INFLAenza","salt-lake-city",0.519265122814815,0.276963358680294,0.649343846485907,0.568031695764133,0.564705882352941,0.976470588235294,88
"NAU-INFLAenza","san-antonio",0.667618487072753,0.672747366443822,0.796003035366725,1.35585138621379,0.294117647058824,0.929411764705882,88
"NAU-INFLAenza","savannah",0.629624987393927,0.35051413726692,0.800103125300549,0.676666445289546,0.482352941176471,0.952941176470588,88
"NAU-INFLAenza","senc",0.616017734382149,0.677664599230436,0.790599272869629,1.24843421862817,0.447058823529412,0.870588235294118,88
"NAU-INFLAenza","south-augusta",0.728848655146798,0.336589972181463,0.800282567039073,0.608367267732869,0.647058823529412,0.964705882352941,88
"NAU-INFLAenza","south-carolina",0.44048288290648,0.256176596128953,0.520891351559826,0.499827114311242,0.580246913580247,1,84
"NAU-INFLAenza","springfield",0.817709254805134,0.893952823480429,0.938479217515042,1.53814801426172,0.364705882352941,0.823529411764706,88
"NAU-INFLAenza","st-cloud",0.639154208935513,0.502671028402313,0.690278401482675,0.961336329810341,0.670588235294118,1,88
"NAU-INFLAenza","st-paul",0.649629779725883,0.682672154916457,0.870062336326685,1.35792860184786,0.623529411764706,0.964705882352941,88
"NAU-INFLAenza","texas",0.461307717693802,0.265725157305469,0.565012069581665,0.540336579804258,0.588235294117647,1,88
"NAU-INFLAenza","triad-area",0.588868086232043,0.648324851833548,0.851601946666932,1.33365966359995,0.505882352941176,0.905882352941176,88
"NAU-INFLAenza","utah",0.415138845726894,0.243419670627195,0.51153233954334,0.485292364900636,0.658823529411765,0.988235294117647,88
"NAU-INFLAenza","virginia",0.49338958206539,0.348713341848062,0.63924816198327,0.725288712155288,0.505882352941176,0.976470588235294,88
"NAU-INFLAenza","weld",0.63766881567303,0.622510599064671,0.728996456660351,1.18642146228143,0.388235294117647,0.858823529411765,88
"NAU-INFLAenza","wnc",0.591400189132244,0.532333313415468,0.774238951159922,1.00156961630345,0.552941176470588,0.917647058823529,88
"NAU-INFLAenza","worcester",0.625317991303039,0.564635316091341,0.793546714657799,1.03293704940795,0.494117647058824,0.952941176470588,88
"UMass-SAR","athens",0.820062722859245,0.865387284888029,1.00047473009641,1.58564700609964,0.611764705882353,0.894117647058824,88
"UMass-SAR","austin",0.821210226764696,0.444058898573421,0.851622875632437,0.822315302063199,0.4,0.823529411764706,88
"UMass-SAR","baltimore",0.775278530989658,0.668436525811366,0.950373452405863,1.14239198112924,0.235294117647059,0.752941176470588,88
"UMass-SAR","bangor",0.768791109167916,0.569867403927145,1.1018197788746,1.23327999794691,0.435294117647059,0.929411764705882,88
"UMass-SAR","beaumont",0.788389496002978,0.714716140959561,1.01471833880665,1.38344452192313,0.458823529411765,0.882352941176471,88
"UMass-SAR","boston",0.904579696525142,0.631383356028276,1.08286258450743,1.08601262460976,0.282352941176471,0.776470588235294,88
"UMass-SAR","boulder",0.708135247007424,0.582093906685113,0.974695287335893,1.29722157994645,0.6,1,88
"UMass-SAR","charleston",0.785805743441731,0.48817422057431,0.781016719557937,0.905058479758599,0.541176470588235,0.905882352941176,88
"UMass-SAR","cherokee",0.918843703423577,1.13143525314883,1.06634388314899,1.93078090954081,0.588235294117647,0.882352941176471,88
"UMass-SAR","colorado",0.891157655193168,0.635101590111149,1.04543462587867,1.07345682401763,0.247058823529412,0.717647058823529,88
"UMass-SAR","colorado-springs",0.806124640455202,0.638188644073031,1.08672042942477,1.22791928679427,0.376470588235294,0.882352941176471,88
"UMass-SAR","columbia",0.979553899103979,0.703672423906376,1.05658790297788,1.22803230742672,0.494117647058824,0.835294117647059,88
"UMass-SAR","columbus",0.746368706448277,0.64165025160287,0.866774931180776,1.23807078662125,0.670588235294118,0.941176470588235,88
"UMass-SAR","dallas",0.868932974776343,0.535678727732277,0.819398498799443,0.860217326063586,0.411764705882353,0.811764705882353,88
"UMass-SAR","denver",0.798762036531674,0.51587843358208,0.976446233334176,0.94914788551045,0.329411764705882,0.788235294117647,88
"UMass-SAR","deschutes",0.699795893438119,0.405794233808003,0.719828740184282,0.806622434551998,0.657534246575342,1,76
"UMass-SAR","duluth",0.755723307222774,0.781755406187958,0.988440407322334,1.6516753079021,0.623529411764706,1,88
"UMass-SAR","el-paso",0.960487241760114,1.4554148973519,1.2788251917996,2.31258817238448,0.388235294117647,0.870588235294118,88
"UMass-SAR","eugene",0.567340057896261,0.389334206640991,0.659383270155377,0.759771927036784,0.301369863013699,0.863013698630137,76
"UMass-SAR","florence",0.864022685821247,0.630936279385456,0.977615027877554,1.22175455063638,0.529411764705882,0.917647058823529,88
"UMass-SAR","floyd",0.869400884569388,1.09032127224884,1.0701867167279,1.89994995769945,0.635294117647059,0.894117647058824,88
"UMass-SAR","frederick",0.743745971738536,0.762746124993558,0.946792660870536,1.59512623838634,0.541176470588235,0.952941176470588,88
"UMass-SAR","georgia",0.954396401806192,0.702181748194551,1.05103981903607,1.11181041639331,0.329411764705882,0.811764705882353,88
"UMass-SAR","greenville",1.00862739710309,0.967385968429859,1.11403701238838,1.66425898911339,0.458823529411765,0.858823529411765,88
"UMass-SAR","hall",0.882049528214061,0.771212364270139,1.09720912954175,1.40060161786314,0.482352941176471,0.870588235294118,88
"UMass-SAR","harford",0.693039051447075,0.504382191653201,0.925501561458391,1.06988784222907,0.611764705882353,0.988235294117647,88
"UMass-SAR","henry",0.836397313264714,0.664934726602223,1.09611168395961,1.20254213926736,0.447058823529412,0.882352941176471,88
"UMass-SAR","horry",0.878353290259596,0.684742870398201,1.01745783836104,1.20798915932689,0.529411764705882,0.858823529411765,88
"UMass-SAR","houston",0.836952993766388,0.361698588771973,1.11185214640794,0.654529643113274,0.294117647058824,0.811764705882353,88
"UMass-SAR","indiana",0.97586967362276,0.668237189583471,0.986503859817636,1.15580204129888,0.376470588235294,0.788235294117647,88
"UMass-SAR","indianapolis",0.8840123596277,0.616593880405849,0.920769611528832,1.17297710225358,0.317647058823529,0.764705882352941,88
"UMass-SAR","la-grange",0.852636817144656,0.785065350262814,1.01153663752042,1.3628593544544,0.635294117647059,0.894117647058824,88
"UMass-SAR","larimer",0.775021642623708,0.435810776069751,1.08159293202151,0.926949076027754,0.564705882352941,0.964705882352941,88
"UMass-SAR","lynn",0.775205746088256,0.674676144768491,1.09772511804261,1.34406922191698,0.282352941176471,0.870588235294118,88
"UMass-SAR","macon",0.808052328303795,0.379530798750832,1.0529606386874,0.774638636557386,0.611764705882353,0.976470588235294,88
"UMass-SAR","maine",0.969305782035128,0.511367736036706,1.19674915182799,0.985842215892934,0.305882352941176,0.870588235294118,88
"UMass-SAR","marietta",0.841226307439442,0.775193325980421,1.02316262978667,1.3218357520159,0.423529411764706,0.870588235294118,88
"UMass-SAR","maryland",0.841749293201513,0.741710005841546,0.981882626290877,1.20231578858339,0.258823529411765,0.729411764705882,88
"UMass-SAR","massachusetts",0.997734838451766,0.798848616999421,1.12253563061113,1.2902580092853,0.223529411764706,0.658823529411765,88
"UMass-SAR","medford",0.449701790104047,0.540385187555367,0.634617903729513,1.12860111396039,0.424657534246575,0.945205479452055,76
"UMass-SAR","mesa",0.865643850128756,0.915368759633702,1.06274630402537,1.65201912954312,0.694117647058824,0.882352941176471,88
"UMass-SAR","minneapolis",0.757195503096437,0.755260548600569,0.919297246762126,1.36046106953461,0.470588235294118,0.882352941176471,88
"UMass-SAR","minnesota",0.809616437838522,0.77670027830817,0.933802885588361,1.32614156601397,0.4,0.858823529411765,88
"UMass-SAR","montgomery",0.800866082381713,0.728795667391638,0.95439110444547,1.23983700248172,0.317647058823529,0.788235294117647,88
"UMass-SAR","new-bedford",0.849178356609643,0.889723951570395,1.04535649923507,1.64165717298344,0.4,0.858823529411765,88
"UMass-SAR","ogden",0.846272458876196,0.574204026165115,0.98220684277737,1.04686674276149,0.517647058823529,0.858823529411765,88
"UMass-SAR","oregon",0.556635735917826,0.433846877101067,0.604057121923185,0.788659597069847,0.424657534246575,0.849315068493151,76
"UMass-SAR","pittsfield",0.993073143775373,0.78476008288265,1.12787232510402,1.55755712643154,0.4,0.870588235294118,88
"UMass-SAR","portland-or",0.584708551398334,0.351400440520176,0.587458957018234,0.659005868586833,0.506849315068493,0.876712328767123,76
"UMass-SAR","provo",0.818970648913304,0.692957005528926,1.02038109854882,1.22130711596703,0.447058823529412,0.858823529411765,88
"UMass-SAR","roanoke",0.874655742069559,0.459376799632249,0.863537019620356,0.920735299724637,0.517647058823529,0.917647058823529,88
"UMass-SAR","rochester",0.851013225075132,0.695168004078528,0.828879043015478,1.24284757166847,0.623529411764706,0.976470588235294,88
"UMass-SAR","rock-hill",0.863773579284183,0.963888501321631,1.11522642472437,1.86879934949939,0.588235294117647,0.882352941176471,88
"UMass-SAR","salem",0.537613472855688,0.549163756707108,0.592480607494977,1.03115573737714,0.561643835616438,0.917808219178082,76
"UMass-SAR","salt-lake-city",0.702456713316171,0.391591259441284,0.834106448225358,0.745347910820216,0.411764705882353,0.917647058823529,88
"UMass-SAR","san-antonio",0.740622249745097,0.757981110406197,0.807167406554134,1.38782039821516,0.305882352941176,0.8,88
"UMass-SAR","savannah",0.668361119456459,0.369754758097495,0.896751336807969,0.761718738672477,0.352941176470588,0.882352941176471,88
"UMass-SAR","south-augusta",0.854973759408714,0.386431504698901,1.05095444909599,0.796872122051422,0.541176470588235,0.964705882352941,88
"UMass-SAR","south-carolina",0.935410162399608,0.697464254549006,0.966162930771438,1.11176232429933,0.411764705882353,0.823529411764706,88
"UMass-SAR","springfield",0.944398854923338,1.0073401947097,1.1475494126316,1.82583306206033,0.258823529411765,0.776470588235294,88
"UMass-SAR","st-cloud",0.799062835653044,0.621788399092207,0.887349665309793,1.21805222679503,0.717647058823529,1,88
"UMass-SAR","st-paul",0.769466689373423,0.788467849480817,0.985823326479179,1.42713635482342,0.247058823529412,0.811764705882353,88
"UMass-SAR","texas",0.84737838817182,0.528528314745523,0.902979866571623,0.896212356861459,0.305882352941176,0.835294117647059,88
"UMass-SAR","utah",0.803870584068519,0.499748393267523,0.92961821232704,0.867240148107279,0.305882352941176,0.811764705882353,88
"UMass-SAR","virginia",0.887039680991157,0.670847414305303,0.948855678912104,1.11559599322212,0.329411764705882,0.729411764705882,88
"UMass-SAR","weld",0.714284242022553,0.673065459356169,0.895661445797518,1.42744082052568,0.6,0.976470588235294,88
"UMass-SAR","worcester",0.819136038550919,0.7194267577315,1.08315684753415,1.36747559271268,0.341176470588235,0.882352941176471,88
"UMass-alloy","athens",0.491907714675439,0.534648534245827,0.643310765003387,1.09932546508632,0.595505617977528,1,92
"UMass-alloy","austin",0.59411955695394,0.339680331572103,0.657211191110713,0.70351497907747,0.471910112359551,1,92
"UMass-alloy","baltimore",0.481105976426396,0.431252507837426,0.648415344357702,0.859084442976149,0.280898876404494,0.955056179775281,92
"UMass-alloy","bangor",0.534305968863333,0.413036332613497,0.778235058277062,0.917341562941994,0.471910112359551,0.98876404494382,92
"UMass-alloy","beaumont",0.498282158070444,0.511166019338076,0.650007445685832,1.06087301098714,0.460674157303371,0.97752808988764,92
"UMass-alloy","boston",0.472699268053184,0.321957668637717,0.64604427470074,0.672790499981418,0.292134831460674,0.98876404494382,92
"UMass-alloy","boulder",0.556993420806549,0.473423489309101,0.75727705958075,1.02594304427979,0.426966292134831,1,92
"UMass-alloy","charleston",0.520180595327811,0.3301711879828,0.524013164587181,0.637630380753716,0.617977528089888,1,92
"UMass-alloy","cherokee",0.518432140361899,0.639080250558567,0.675417066429641,1.27725364558646,0.426966292134831,0.943820224719101,92
"UMass-alloy","clt-area",0.492905677167374,0.708435883104542,0.670569547181134,1.35342623209123,0.48314606741573,0.921348314606742,92
"UMass-alloy","colorado",0.482232494118657,0.352210977453025,0.686474925139968,0.742886030315106,0.460674157303371,0.98876404494382,92
"UMass-alloy","colorado-springs",0.475806140917522,0.375585132590987,0.681786953248386,0.798510852883788,0.48314606741573,0.98876404494382,92
"UMass-alloy","columbia",0.605229177109452,0.434580397604159,0.68853138478347,0.861104479206426,0.51685393258427,1,92
"UMass-alloy","columbus",0.510320192773035,0.462853237361497,0.563482945854247,0.82123861837805,0.550561797752809,0.887640449438202,92
"UMass-alloy","dallas",0.543311858783021,0.339724409928962,0.52911612726367,0.611766424456067,0.539325842696629,1,92
"UMass-alloy","denver",0.51344043312026,0.348892339653685,0.706994677805299,0.74542172001313,0.471910112359551,0.97752808988764,92
"UMass-alloy","deschutes",0.527313028049012,0.3079927262948,0.603772195406563,0.678367819382699,0.424657534246575,0.986301369863014,76
"UMass-alloy","duluth",0.454738481196618,0.495580008262165,0.6018399645447,1.02463923751185,0.50561797752809,0.98876404494382,92
"UMass-alloy","el-paso",0.521060065320744,0.841560111196348,0.848000647781701,1.75409099304308,0.393258426966292,1,92
"UMass-alloy","eugene",0.465259614768848,0.321417592971071,0.587937476258147,0.68201043584668,0.479452054794521,0.917808219178082,76
"UMass-alloy","fay-area",0.469559243011287,0.753329753026297,0.595207892434502,1.3702930249704,0.50561797752809,0.955056179775281,92
"UMass-alloy","florence",0.589017704477911,0.449992613562494,0.656451764448795,0.874558081416504,0.539325842696629,1,92
"UMass-alloy","floyd",0.459867588254371,0.572917992592254,0.637949494806676,1.18261178758082,0.584269662921348,0.98876404494382,92
"UMass-alloy","frederick",0.506506811634871,0.521132912920776,0.632482284945655,1.06172787535562,0.337078651685393,0.921348314606742,92
"UMass-alloy","georgia",0.480403558421962,0.361739283609757,0.633144674010311,0.734066749604387,0.415730337078652,0.97752808988764,92
"UMass-alloy","greenville",0.508889410729314,0.466210793881949,0.578401384275674,0.86907528545315,0.539325842696629,0.98876404494382,92
"UMass-alloy","hall",0.488998423738499,0.422854191849563,0.663891823072623,0.876190464053782,0.370786516853933,0.966292134831461,92
"UMass-alloy","harford",0.467271334845976,0.355488103719722,0.613248037648508,0.726185520828808,0.337078651685393,0.966292134831461,92
"UMass-alloy","henry",0.509624902102705,0.43097129999901,0.726588241778468,0.893154936079026,0.50561797752809,1,92
"UMass-alloy","horry",0.4986695841439,0.395090025422424,0.614536001757073,0.772111388011606,0.561797752808989,1,92
"UMass-alloy","houston",0.614449772938892,0.302116927870983,0.792888449385821,0.591810589189229,0.51685393258427,1,92
"UMass-alloy","indiana",0.602791754591735,0.408683669242245,0.68200891496899,0.81905300772078,0.382022471910112,0.98876404494382,92
"UMass-alloy","indianapolis",0.624776697062546,0.433942355668721,0.713293442610375,0.921503673335817,0.348314606741573,0.98876404494382,92
"UMass-alloy","la-grange",0.489751541186289,0.474653955074079,0.648748984296138,0.965601067784666,0.617977528089888,0.98876404494382,92
"UMass-alloy","larimer",0.531480592696654,0.31958635444472,0.723717374652066,0.653143418363515,0.49438202247191,0.966292134831461,92
"UMass-alloy","lynn",0.4215818388766,0.364993849395308,0.55479432951253,0.700958989780229,0.438202247191011,1,92
"UMass-alloy","macon",0.515864705155074,0.269548039598093,0.626335854660198,0.533848752238217,0.528089887640449,1,92
"UMass-alloy","maine",0.570755531161319,0.311835312862632,0.64732009741368,0.561048778242681,0.460674157303371,0.98876404494382,92
"UMass-alloy","marietta",0.492373126699447,0.46264836250497,0.668512430486121,0.924485712906715,0.449438202247191,0.98876404494382,92
"UMass-alloy","maryland",0.440039741652221,0.385260949487571,0.588058468310757,0.762993920602172,0.393258426966292,0.955056179775281,92
"UMass-alloy","massachusetts",0.45870316137896,0.364553705154217,0.586458819203441,0.697795018784099,0.314606741573034,0.97752808988764,92
"UMass-alloy","medford",0.394240938775379,0.478696509789173,0.573797948939376,1.02373173970192,0.328767123287671,0.904109589041096,76
"UMass-alloy","mesa",0.490506380006303,0.573915467744298,0.531236038709218,0.9191214963129,0.606741573033708,0.876404494382023,92
"UMass-alloy","minneapolis",0.456902259792892,0.46467264952992,0.60140130753222,0.952710280131273,0.460674157303371,0.98876404494382,92
"UMass-alloy","minnesota",0.434849169726136,0.40805775731668,0.520055613613659,0.751177863519444,0.50561797752809,1,92
"UMass-alloy","montgomery",0.475561592636668,0.425244231329037,0.628374653726169,0.853975611117218,0.303370786516854,0.98876404494382,92
"UMass-alloy","nenc",0.382282962735202,0.542582499770382,0.554119193029347,1.10988982605325,0.460674157303371,0.98876404494382,92
"UMass-alloy","new-bedford",0.478311484093189,0.488964535154294,0.635071461649494,1.0107873907096,0.370786516853933,1,92
"UMass-alloy","north-carolina",0.422104393078004,0.551568781052765,0.518764862014755,0.966713455666186,0.550561797752809,0.966292134831461,92
"UMass-alloy","ogden",0.46249580578358,0.321043446338306,0.55456880973011,0.623072057178828,0.584269662921348,0.955056179775281,92
"UMass-alloy","oregon",0.363765906132707,0.281600176217405,0.402091982632091,0.540815040679286,0.602739726027397,1,76
"UMass-alloy","pittsfield",0.742292531177986,0.586470090900506,0.758068518781905,1.0506153075381,0.404494382022472,0.932584269662921,92
"UMass-alloy","portland",0.490447454313007,0.278950332419151,0.541592091183595,0.491847859914639,0.528089887640449,0.98876404494382,92
"UMass-alloy","portland-or",0.399799334378842,0.2369219222915,0.389674916383618,0.443403205030848,0.561643835616438,0.986301369863014,76
"UMass-alloy","provo",0.446698245954391,0.384375446015053,0.594098995175354,0.772991939754595,0.404494382022472,0.97752808988764,92
"UMass-alloy","roanoke",0.733218023331356,0.390254928339585,0.655608233893511,0.714897579095501,0.651685393258427,1,92
"UMass-alloy","rochester",0.563655881219613,0.484320657102792,0.554657492613575,0.862194547161697,0.640449438202247,0.97752808988764,92
"UMass-alloy","rock-hill",0.470287970025037,0.583958646979603,0.638539807358463,1.17967131997498,0.404494382022472,0.97752808988764,92
"UMass-alloy","rtp-area",0.399614303642208,0.456825538644821,0.480746356526498,0.794903613575814,0.550561797752809,0.966292134831461,92
"UMass-alloy","salem",0.421373689724009,0.430717269703974,0.477375414071989,0.842054503874195,0.616438356164384,0.958904109589041,76
"UMass-alloy","salt-lake-city",0.471395110962467,0.273469253059574,0.48873933955239,0.485331727015358,0.539325842696629,0.98876404494382,92
"UMass-alloy","san-antonio",0.50448513455652,0.526409397958501,0.614012149818438,1.11125704239489,0.438202247191011,1,92
"UMass-alloy","savannah",0.49691698244191,0.281740274849971,0.651464168221303,0.565662634812404,0.370786516853933,0.955056179775281,92
"UMass-alloy","senc",0.441106245128623,0.497086220872593,0.618872881994655,0.997095018161847,0.393258426966292,0.955056179775281,92
"UMass-alloy","south-augusta",0.53827291560618,0.253307432774416,0.632417372002942,0.488470892303167,0.595505617977528,0.98876404494382,92
"UMass-alloy","south-carolina",0.514956404142031,0.383639505564915,0.592127717904123,0.740982712930976,0.539325842696629,1,92
"UMass-alloy","springfield",0.573418200171731,0.640008615195917,0.72544421473263,1.22440363213105,0.471910112359551,0.97752808988764,92
"UMass-alloy","st-cloud",0.528968612305279,0.430115211904755,0.631876304149986,0.88194851084535,0.573033707865168,1,92
"UMass-alloy","st-paul",0.450925364111566,0.485210425238251,0.612344235072581,0.983905640574047,0.550561797752809,1,92
"UMass-alloy","texas",0.611236805274656,0.410617037722129,0.757750763638165,0.871255852355623,0.561797752808989,1,92
"UMass-alloy","triad-area",0.398344326274037,0.480868321570305,0.479550943738402,0.827437816248612,0.539325842696629,0.966292134831461,92
"UMass-alloy","utah",0.459955516829337,0.295360026120979,0.532850064861253,0.553152495565892,0.51685393258427,0.97752808988764,92
"UMass-alloy","virginia",0.513503591075569,0.379166734034492,0.55433260557241,0.665813223271736,0.49438202247191,0.955056179775281,92
"UMass-alloy","weld",0.535614308770199,0.55224173842164,0.643431649783696,1.13430952605342,0.51685393258427,0.98876404494382,92
"UMass-alloy","wnc",0.49324422687254,0.459492280910496,0.586010428843785,0.804418623604528,0.561797752808989,0.966292134831461,92
"UMass-alloy","worcester",0.471684527773098,0.419361298008568,0.624427821876516,0.840104086377897,0.393258426966292,0.98876404494382,92
"UT-GBQR","athens",0.565438532738556,0.797110465539963,0.645268000186297,1.37107653094485,0.376237623762376,0.841584158415842,104
"UT-GBQR","austin",0.540620537254184,0.327445580623209,0.573967286231742,0.628294230561114,0.227722772277228,0.821782178217822,104
"UT-GBQR","baltimore",0.599216340208911,0.69822820684525,0.79858833001255,1.32983487479711,0.277227722772277,0.861386138613861,104
"UT-GBQR","bangor",0.716631983608363,0.635887985217915,0.922586446098057,1.27498765603096,0.207920792079208,0.851485148514851,104
"UT-GBQR","beaumont",0.500138050204808,0.836282608929739,0.58033392331883,1.31473319690001,0.267326732673267,0.782178217821782,104
"UT-GBQR","boston",0.527896213337487,0.42361801421454,0.626642960879512,0.785657227853073,0.412371134020619,0.865979381443299,100
"UT-GBQR","boulder",0.687604207422221,0.754332327134706,0.891011126155348,1.49800821619752,0.247422680412371,0.88659793814433,100
"UT-GBQR","charleston",0.659380932335642,0.458778988846943,0.670748959855916,0.866817047925232,0.386138613861386,0.881188118811881,104
"UT-GBQR","cherokee",0.535211601524347,0.851065060248905,0.646762013725656,1.45369297538341,0.287128712871287,0.821782178217822,104
"UT-GBQR","clt-area",0.584756910676128,1.14086761392107,0.705701978108826,1.75016503088678,0.276190476190476,0.723809523809524,108
"UT-GBQR","colorado",0.585861937852108,0.538621658207755,0.765920010729135,1.00419547955462,0.329896907216495,0.896907216494845,100
"UT-GBQR","colorado-springs",0.549457481402612,0.480117679738296,0.740683138087708,0.892889873476288,0.319587628865979,0.896907216494845,100
"UT-GBQR","columbia",0.620387664616306,0.510991426915716,0.776314436668291,1.07680052733935,0.306930693069307,0.900990099009901,104
"UT-GBQR","columbus",0.652730636844408,0.739860118456289,0.727859235426407,1.25632872821732,0.316831683168317,0.792079207920792,104
"UT-GBQR","dallas",0.543176981737399,0.455990197021681,0.586394347201862,0.81187902353277,0.386138613861386,0.891089108910891,104
"UT-GBQR","denver",0.668788750334546,0.561320126768231,0.806878643377098,1.03431765115218,0.257731958762887,0.855670103092783,100
"UT-GBQR","deschutes",0.806982310985274,0.472674529439056,0.671784039905739,0.749983956862916,0.150684931506849,0.63013698630137,76
"UT-GBQR","duluth",0.644314289352576,0.907603141754554,0.736638491141987,1.5009817782602,0.297029702970297,0.792079207920792,104
"UT-GBQR","el-paso",0.648008278399261,1.659507912827,0.83065072835441,2.40588398942495,0.227722772277228,0.792079207920792,104
"UT-GBQR","eugene",0.668319563340952,0.469487768578477,0.575636594039864,0.667732560841235,0.178082191780822,0.698630136986301,76
"UT-GBQR","fay-area",0.563995197060735,1.34577603888118,0.668178796841565,1.97338341859776,0.257142857142857,0.771428571428571,108
"UT-GBQR","florence",0.594216514285581,0.532333203480341,0.694199188922409,1.0589091171127,0.336633663366337,0.910891089108911,104
"UT-GBQR","floyd",0.489099119964902,0.857094453702288,0.59896352725999,1.39562186785056,0.445544554455446,0.891089108910891,104
"UT-GBQR","frederick",0.668812133391914,0.827775669709863,0.807009473599908,1.59431025639128,0.277227722772277,0.742574257425743,104
"UT-GBQR","georgia",0.485578765140534,0.44753380594954,0.614522938796105,0.825689563503311,0.376237623762376,0.930693069306931,104
"UT-GBQR","greenville",0.581026233166134,0.648386724168288,0.627852322209557,1.11013534272555,0.366336633663366,0.861386138613861,104
"UT-GBQR","hall",0.500892556973406,0.576977896689773,0.62227406080423,1.01767308867658,0.356435643564356,0.871287128712871,104
"UT-GBQR","harford",0.640857263457483,0.668965228389468,0.828015765660144,1.3130532692671,0.188118811881188,0.811881188118812,104
"UT-GBQR","henry",0.52719386204793,0.632701921175789,0.710122149995062,1.18618774982652,0.297029702970297,0.891089108910891,104
"UT-GBQR","horry",0.488014007839125,0.513678411860482,0.612331249297641,0.966971056265714,0.386138613861386,0.891089108910891,104
"UT-GBQR","houston",0.56179897850804,0.372942450221004,0.798158773137758,0.758587940182637,0.277227722772277,0.920792079207921,104
"UT-GBQR","indiana",0.733703956247482,0.582112193829863,0.762448201025749,1.04555484918609,0.356435643564356,0.861386138613861,104
"UT-GBQR","indianapolis",0.803409400439431,0.584422149705077,0.762680170269822,1.03318139103552,0.316831683168317,0.821782178217822,104
"UT-GBQR","la-grange",0.478044081782956,0.648226528776438,0.595058439240282,1.12735933176111,0.386138613861386,0.900990099009901,104
"UT-GBQR","larimer",0.598560183197487,0.477290021085693,0.82355313028932,0.919116792371347,0.288659793814433,0.88659793814433,100
"UT-GBQR","lynn",0.546146670680692,0.517408074885492,0.701070692672831,1.00071844485139,0.309278350515464,0.845360824742268,100
"UT-GBQR","macon",0.510441187668813,0.374773484364168,0.590122801631822,0.651175963088644,0.366336633663366,0.910891089108911,104
"UT-GBQR","maine",0.758410345092451,0.499363570144767,0.830466067285167,0.864393752051516,0.287128712871287,0.811881188118812,104
"UT-GBQR","marietta",0.521817491402017,0.612826506963818,0.644243767033898,1.08613740032415,0.336633663366337,0.871287128712871,104
"UT-GBQR","maryland",0.583145312569779,0.652318063055081,0.807657536972265,1.30011794672778,0.297029702970297,0.861386138613861,104
"UT-GBQR","massachusetts",0.574742120036377,0.514809618991238,0.687830134466746,0.945582824943646,0.402061855670103,0.865979381443299,100
"UT-GBQR","medford",0.653062451297194,0.79822869899883,0.604596447547262,1.07157284564294,0.10958904109589,0.520547945205479,76
"UT-GBQR","mesa",0.54864736047301,0.825814818712353,0.593192364361851,1.19028337015287,0.371134020618557,0.835051546391753,100
"UT-GBQR","minneapolis",0.632044735101094,0.871901553876318,0.805732296980391,1.5848493814846,0.237623762376238,0.821782178217822,104
"UT-GBQR","minnesota",0.546666543655226,0.691473118418693,0.721402511937726,1.33218014617316,0.366336633663366,0.940594059405941,104
"UT-GBQR","montgomery",0.630917957106282,0.726595302762734,0.840850898036489,1.41934556292174,0.227722772277228,0.851485148514851,104
"UT-GBQR","nenc",0.502846610569766,1.0629079280573,0.643951100754715,1.69971960541388,0.20952380952381,0.714285714285714,108
"UT-GBQR","new-bedford",0.569517337071327,0.703111501122997,0.652217018779421,1.26955873542245,0.350515463917526,0.824742268041237,100
"UT-GBQR","north-carolina",0.530233984134881,1.01707947254101,0.619335641538963,1.47076394960143,0.306930693069307,0.801980198019802,104
"UT-GBQR","ogden",0.414148825944931,0.378374759442047,0.478125100854332,0.656711270816047,0.316831683168317,0.811881188118812,104
"UT-GBQR","oregon",0.594475975643944,0.465701887952346,0.533380504372543,0.699886672187747,0.219178082191781,0.712328767123288,76
"UT-GBQR","pittsfield",1.08000123378081,0.738731144065913,0.899827385047556,1.21723689252067,0.298969072164948,0.701030927835051,100
"UT-GBQR","portland",0.681840428162688,0.456519998195775,0.710583338264121,0.759850989621324,0.306930693069307,0.831683168316832,104
"UT-GBQR","portland-or",0.585984139272104,0.356201916716858,0.490083355753261,0.554002322619323,0.178082191780822,0.753424657534247,76
"UT-GBQR","provo",0.394979913034184,0.45213300619472,0.485495757800651,0.778666783368461,0.247524752475248,0.831683168316832,104
"UT-GBQR","roanoke",0.902941404589405,0.551415596424494,0.760450039098893,0.92502473320418,0.237113402061856,0.762886597938144,100
"UT-GBQR","rochester",0.673679912629736,0.754218561030472,0.743312580135525,1.35970416544922,0.267326732673267,0.811881188118812,104
"UT-GBQR","rock-hill",0.466595586131247,0.820796043808063,0.605791288263511,1.48678806035669,0.267326732673267,0.821782178217822,104
"UT-GBQR","rtp-area",0.50865842696443,0.764689108029918,0.595077687405329,1.17970114960143,0.304761904761905,0.828571428571429,108
"UT-GBQR","salem",0.569454979933871,0.595337624987056,0.502828010461678,0.882827503014997,0.232876712328767,0.753424657534247,76
"UT-GBQR","salt-lake-city",0.401501656969026,0.321879870424619,0.461560048502056,0.604492759793216,0.247524752475248,0.891089108910891,104
"UT-GBQR","san-antonio",0.625477608711249,0.738961676060174,0.699236617951849,1.35761688264019,0.247524752475248,0.762376237623762,104
"UT-GBQR","savannah",0.707139466878621,0.475060930303467,0.892380050293719,0.870959567156632,0.217821782178218,0.792079207920792,104
"UT-GBQR","senc",0.623426310847292,1.18026420800527,0.739171000509231,1.69487788300771,0.142857142857143,0.619047619047619,108
"UT-GBQR","south-augusta",0.649542428705351,0.374925155589496,0.753079747242965,0.69493045010756,0.336633663366337,0.930693069306931,104
"UT-GBQR","south-carolina",0.507985229401158,0.448016484723343,0.649770493969854,0.917826721595361,0.504950495049505,0.95049504950495,104
"UT-GBQR","springfield",0.827317752303399,0.980943667843008,0.811498629278623,1.57931337603395,0.329896907216495,0.670103092783505,100
"UT-GBQR","st-cloud",0.769223946238115,0.705510553623159,0.918428288179928,1.49938118834356,0.306930693069307,0.841584158415842,104
"UT-GBQR","st-paul",0.563028088148072,0.861531828285503,0.666837541510116,1.38195748547006,0.297029702970297,0.792079207920792,104
"UT-GBQR","texas",0.457794276104104,0.383088857048862,0.539358896877965,0.748240413492264,0.514851485148515,0.940594059405941,104
"UT-GBQR","triad-area",0.517426125473488,0.83956634692627,0.636067613941039,1.32289231590193,0.304761904761905,0.828571428571429,108
"UT-GBQR","utah",0.401887492068569,0.33110595094415,0.496205768510085,0.633273670242654,0.257425742574257,0.900990099009901,104
"UT-GBQR","virginia",0.577244317887828,0.534111813340515,0.602032581522705,0.896821878983384,0.329896907216495,0.804123711340206,100
"UT-GBQR","weld",0.663460747404822,0.81875336883834,0.712844003027699,1.40239921551341,0.278350515463918,0.804123711340206,100
"UT-GBQR","wnc",0.624281524931189,0.824650544221082,0.698052661739702,1.21421882830061,0.304761904761905,0.780952380952381,108
"UT-GBQR","worcester",0.544547233062022,0.536812541552157,0.66810729483604,0.996395085212311,0.298969072164948,0.88659793814433,100
"VTSanghani-PRIME","athens",0.735656168401431,0.779887881181423,0.842854820193822,1.40131263032459,0.558441558441558,0.584415584415584,80
"VTSanghani-PRIME","austin",1.17229573358428,0.655696521089332,0.995082268234503,1.01730560073165,0.519480519480519,0.571428571428571,80
"VTSanghani-PRIME","baltimore",0.99480664448996,0.848613613561011,0.965627214918734,1.26598918352745,0.454545454545455,0.519480519480519,80
"VTSanghani-PRIME","bangor",0.882384609773068,0.729414512307349,0.905291275084656,1.17294556316581,0.662337662337662,0.701298701298701,80
"VTSanghani-PRIME","beaumont",0.761606919384504,0.738081754907208,0.548294845449151,0.82400277259082,0.675324675324675,0.675324675324675,80
"VTSanghani-PRIME","boston",0.831666584778247,0.598336414746491,0.938726202636219,1.06549129614373,0.636363636363636,0.779220779220779,80
"VTSanghani-PRIME","boulder",0.695750642424399,0.567323074347706,0.658791739000375,0.859882102504139,0.714285714285714,0.805194805194805,80
"VTSanghani-PRIME","charleston",1.13609098966528,0.683576452203125,0.906239598299186,1.00143952809187,0.61038961038961,0.662337662337662,80
"VTSanghani-PRIME","cherokee",0.847650535529771,0.999378952069478,0.87362293134517,1.61607503524444,0.636363636363636,0.688311688311688,80
"VTSanghani-PRIME","clt-area",0.656142309546287,1.01374496475357,0.86778750616248,1.99337674225799,0.844155844155844,0.922077922077922,80
"VTSanghani-PRIME","colorado",0.771286431239427,0.543988579780638,0.824399729195762,0.885875002977213,0.636363636363636,0.701298701298701,80
"VTSanghani-PRIME","colorado-springs",0.844932576214767,0.676508870789326,0.897416043652676,1.08982746796288,0.636363636363636,0.753246753246753,80
"VTSanghani-PRIME","columbia",1.17480885046211,0.833101752576959,1.05727794393303,1.25187594635943,0.558441558441558,0.571428571428571,80
"VTSanghani-PRIME","columbus",0.74940523314632,0.671061034143461,0.672058318709899,0.990660948574494,0.766233766233766,0.805194805194805,80
"VTSanghani-PRIME","dallas",1.04958828539921,0.643963544814874,0.846067167381755,0.936840454477633,0.636363636363636,0.662337662337662,80
"VTSanghani-PRIME","denver",0.801210003291487,0.512975750772247,0.850431842088875,0.853694421627333,0.675324675324675,0.714285714285714,80
"VTSanghani-PRIME","deschutes",1.15941335613489,0.643959420012152,0.634357482743241,0.698503698951296,0.672131147540984,0.721311475409836,64
"VTSanghani-PRIME","duluth",0.652301646814884,0.720147881479111,0.746686499469821,1.3102199736075,0.688311688311688,0.766233766233766,80
"VTSanghani-PRIME","el-paso",0.610966301519299,0.956052904374716,0.845903326482755,1.81019129483575,0.909090909090909,0.974025974025974,80
"VTSanghani-PRIME","eugene",1.02717795217256,0.624404369735782,0.638490335608028,0.664727219609425,0.459016393442623,0.459016393442623,64
"VTSanghani-PRIME","fay-area",0.735178098330664,1.22608599578306,0.826980077602049,2.12800525741898,0.935064935064935,0.961038961038961,80
"VTSanghani-PRIME","florence",1.10867598859794,0.804367084355506,0.84850578324134,1.04447179387749,0.558441558441558,0.584415584415584,80
"VTSanghani-PRIME","floyd",0.805449831496884,0.985143456173369,0.903124767139117,1.67281799134714,0.623376623376623,0.688311688311688,80
"VTSanghani-PRIME","frederick",0.808026728968094,0.881556699692763,0.733638813833356,1.36639770610413,0.688311688311688,0.727272727272727,80
"VTSanghani-PRIME","georgia",0.720428990630123,0.531126930503525,0.879030933709611,0.987758428852301,0.558441558441558,0.636363636363636,80
"VTSanghani-PRIME","greenville",1.20433662499873,1.11112159873669,0.94225093190524,1.44578094076939,0.571428571428571,0.623376623376623,80
"VTSanghani-PRIME","hall",0.944626783836798,0.793302490517302,0.779717660557712,1.01280111997533,0.545454545454545,0.636363636363636,80
"VTSanghani-PRIME","harford",0.930718267303065,0.697663844491498,0.895348957705993,1.09114879342747,0.376623376623377,0.454545454545455,80
"VTSanghani-PRIME","henry",0.669573653899221,0.551321120083892,0.913621029140224,1.10839671645279,0.493506493506494,0.597402597402597,80
"VTSanghani-PRIME","horry",0.88113428101472,0.675257534256802,0.864974534963295,1.07421504580565,0.584415584415584,0.61038961038961,80
"VTSanghani-PRIME","houston",1.16708241402632,0.511392410798241,1.01972015924602,0.667298786196205,0.519480519480519,0.519480519480519,80
"VTSanghani-PRIME","indiana",1.45426734041644,0.969544836414281,0.899207574386587,1.11106059247955,0.675324675324675,0.74025974025974,80
"VTSanghani-PRIME","indianapolis",1.16542392252835,0.821149582911988,0.834656670282065,1.09268807494161,0.61038961038961,0.623376623376623,80
"VTSanghani-PRIME","la-grange",0.780444001573132,0.732776827084252,0.86215098531279,1.28378098654924,0.597402597402597,0.662337662337662,80
"VTSanghani-PRIME","larimer",0.756672736276692,0.446984736161157,0.903459455759398,0.810980204427634,0.597402597402597,0.675324675324675,80
"VTSanghani-PRIME","lynn",0.793897324243674,0.748798678184793,0.921532615910524,1.29585004076056,0.675324675324675,0.779220779220779,80
"VTSanghani-PRIME","macon",0.802839602952295,0.404680617445367,0.744872923328384,0.621190574883427,0.584415584415584,0.597402597402597,80
"VTSanghani-PRIME","maine",1.18542056254876,0.706260366148988,1.07221722479274,1.07922473651982,0.727272727272727,0.753246753246753,80
"VTSanghani-PRIME","marietta",0.719604004634893,0.658098414056807,0.843399641141259,1.15311715127279,0.467532467532468,0.506493506493506,80
"VTSanghani-PRIME","maryland",0.808307585916957,0.729522904492473,0.886422077645965,1.23758316775124,0.636363636363636,0.714285714285714,80
"VTSanghani-PRIME","massachusetts",0.806586244382688,0.693999873003505,0.945583297464767,1.22358493531641,0.623376623376623,0.766233766233766,80
"VTSanghani-PRIME","medford",0.550200152662428,0.610220845683721,0.51447591252725,0.858535166046889,0.475409836065574,0.475409836065574,64
"VTSanghani-PRIME","mesa",0.694118769951521,0.84538970604252,0.548899625326788,1.01069055751834,0.649350649350649,0.649350649350649,80
"VTSanghani-PRIME","minneapolis",0.801504825830338,0.837292811698956,0.936119533390001,1.57355909909215,0.727272727272727,0.805194805194805,80
"VTSanghani-PRIME","minnesota",0.904172178846509,0.888894445228295,0.872631284171377,1.41182965041874,0.792207792207792,0.818181818181818,80
"VTSanghani-PRIME","montgomery",0.975875139089122,0.864367014369145,0.943816445547632,1.34054866818046,0.493506493506494,0.545454545454545,80
"VTSanghani-PRIME","nenc",0.649100244325624,0.981967843884878,0.840385083027261,1.90328170495484,0.649350649350649,0.662337662337662,80
"VTSanghani-PRIME","new-bedford",0.762252310952262,0.84694234050548,0.831113149078542,1.46312671686179,0.623376623376623,0.753246753246753,80
"VTSanghani-PRIME","north-carolina",0.697441120079578,0.923319928995526,0.80196025063811,1.5932463806988,0.74025974025974,0.805194805194805,80
"VTSanghani-PRIME","ogden",0.733745243086226,0.508552302808155,0.693461384812701,0.773022160393719,0.532467532467532,0.558441558441558,80
"VTSanghani-PRIME","oregon",0.967549305513385,0.698037602528525,0.660072247025436,0.840964148506641,0.590163934426229,0.622950819672131,64
"VTSanghani-PRIME","pittsfield",1.77524875873781,1.51742642484055,1.30252493397187,2.0434594442836,0.285714285714286,0.415584415584416,80
"VTSanghani-PRIME","portland",1.25528294908624,0.776237436202058,0.96619901804403,0.999750569015374,0.649350649350649,0.675324675324675,80
"VTSanghani-PRIME","portland-or",1.19859908714601,0.681226263209351,0.730346129855552,0.798311114360236,0.60655737704918,0.622950819672131,64
"VTSanghani-PRIME","provo",0.668109667384802,0.534070639576746,0.563052179769178,0.685281655749647,0.428571428571429,0.454545454545455,80
"VTSanghani-PRIME","roanoke",2.02758482999602,1.06841191517887,1.16931487989752,1.30714597843953,0.649350649350649,0.727272727272727,80
"VTSanghani-PRIME","rochester",1.19143613750316,1.0619490672128,0.799660575522981,1.31837621284986,0.675324675324675,0.675324675324675,80
"VTSanghani-PRIME","rock-hill",0.754688638411318,0.930637252955887,0.836761825936639,1.55765697917503,0.519480519480519,0.61038961038961,80
"VTSanghani-PRIME","rtp-area",0.721985140350698,0.819943505281999,0.816523240699067,1.42167348092203,0.636363636363636,0.662337662337662,80
"VTSanghani-PRIME","salem",1.04970022292042,1.03029781594782,0.815032831346532,1.36282984431112,0.590163934426229,0.60655737704918,64
"VTSanghani-PRIME","salt-lake-city",0.784028066170791,0.397990729827542,0.702447392875602,0.598877417084009,0.558441558441558,0.61038961038961,80
"VTSanghani-PRIME","san-antonio",0.850554761166118,0.863517024015566,0.808621026520442,1.41495645730465,0.571428571428571,0.636363636363636,80
"VTSanghani-PRIME","savannah",1.07313700199872,0.611926419813947,0.875644010424099,0.77360459453433,0.363636363636364,0.38961038961039,80
"VTSanghani-PRIME","senc",0.636824832630389,0.764454596167211,0.874178033238328,1.59114444548571,0.636363636363636,0.675324675324675,80
"VTSanghani-PRIME","south-augusta",1.0689613971352,0.503495257500185,1.04466162076926,0.803465448127567,0.623376623376623,0.714285714285714,80
"VTSanghani-PRIME","south-carolina",1.14673147372698,0.803253761797299,1.00797331439019,1.13857493259734,0.636363636363636,0.649350649350649,80
"VTSanghani-PRIME","springfield",0.860089656264715,1.0821982286275,0.974211819213764,1.81209657088755,0.545454545454545,0.766233766233766,80
"VTSanghani-PRIME","st-cloud",1.26264511956398,1.01934081097965,1.15580986245514,1.74427917028149,0.74025974025974,0.753246753246753,80
"VTSanghani-PRIME","st-paul",0.621789554809257,0.697630659108508,0.828378062914881,1.45431205990426,0.61038961038961,0.779220779220779,80
"VTSanghani-PRIME","texas",0.995961794867526,0.630552296216354,0.880786635996278,0.931074316876162,0.636363636363636,0.675324675324675,80
"VTSanghani-PRIME","triad-area",0.750071378003716,0.89325303253409,0.841633701524622,1.4871813022574,0.623376623376623,0.688311688311688,80
"VTSanghani-PRIME","utah",0.791647561501784,0.479665804066695,0.677800445087196,0.674175052997572,0.545454545454545,0.558441558441558,80
"VTSanghani-PRIME","virginia",1.02498328434379,0.796445603697598,0.883023538676848,1.14786162840248,0.636363636363636,0.688311688311688,80
"VTSanghani-PRIME","weld",0.74583589576839,0.720450630968507,0.71864766488204,1.20781452171132,0.597402597402597,0.688311688311688,80
"VTSanghani-PRIME","wnc",0.841263274726131,0.782851255004633,0.81685154837888,1.17425724531096,0.571428571428571,0.597402597402597,80
"VTSanghani-PRIME","worcester",0.750175065768371,0.730010286742971,0.91157228506659,1.32139460308535,0.636363636363636,0.74025974025974,80
"epiENGAGE-GBQR","athens",0.806764688761733,2.67992434062439,0.898455611086273,4.35595697448166,0.333333333333333,0.666666666666667,12
"epiENGAGE-GBQR","austin",0.614443787570519,0.627461070478674,0.637687645495098,1.11676166969476,0.5,0.75,12
"epiENGAGE-GBQR","baltimore",0.810415416239232,2.02690987956426,1.01345342748733,3.65525345096268,0.416666666666667,0.666666666666667,12
"epiENGAGE-GBQR","bangor",0.627500263567471,1.04505475617753,0.8643979212742,2.32033740137345,0.5,1,12
"epiENGAGE-GBQR","beaumont",0.724997210006298,3.60127851277122,0.816046154509926,5.00314400609066,0.166666666666667,0.5,12
"epiENGAGE-GBQR","boston",0.728260015407385,1.36681873782765,0.989009294459894,2.5945930948287,0.333333333333333,0.75,12
"epiENGAGE-GBQR","boulder",0.736918897492525,2.35103223951606,0.938884619350064,4.19924999962485,0.333333333333333,0.666666666666667,12
"epiENGAGE-GBQR","charleston",0.751608995674625,0.880964862444141,0.784329546746007,1.65666282599181,0.583333333333333,0.833333333333333,12
"epiENGAGE-GBQR","cherokee",0.693890694316079,2.87137813814362,0.828053567209786,4.29163713366534,0.5,0.583333333333333,12
"epiENGAGE-GBQR","clt-area",0.785527190441056,3.01017633363975,0.879209128443935,3.94584570053738,0.375,0.5625,16
"epiENGAGE-GBQR","colorado",0.849223442779619,1.74634558382364,0.950742061744303,2.83647211756028,0.416666666666667,0.583333333333333,12
"epiENGAGE-GBQR","colorado-springs",0.768735295038954,1.39609824744958,0.890487879573018,2.10569811798189,0.5,0.666666666666667,12
"epiENGAGE-GBQR","columbia",0.724976856935658,1.27839577073436,0.922468828984601,2.59272256414876,0.416666666666667,1,12
"epiENGAGE-GBQR","columbus",0.747274228810431,1.8837577025534,0.821056296078078,2.81520086665447,0.333333333333333,0.75,12
"epiENGAGE-GBQR","dallas",0.796777252267717,1.55650380362025,0.789496104811117,2.40941699584924,0.25,0.583333333333333,12
"epiENGAGE-GBQR","denver",0.894140065365347,1.61948317044101,1.06242249374932,2.96768411749958,0.0833333333333333,0.666666666666667,12
"epiENGAGE-GBQR","duluth",0.771893716104068,2.41273409447354,0.76390511768841,3.25729564165745,0.333333333333333,0.5,12
"epiENGAGE-GBQR","el-paso",0.85703721689233,6.64037638407155,1.1535006249249,8.45567387668581,0.0833333333333333,0.333333333333333,12
"epiENGAGE-GBQR","fay-area",0.817437351209001,4.0214442181774,0.87695647169577,4.8058104669704,0.125,0.4375,16
"epiENGAGE-GBQR","florence",0.721479392059454,1.42456845846208,0.843678025027766,2.77003163513356,0.5,0.916666666666667,12
"epiENGAGE-GBQR","floyd",0.68280813630124,3.18956021159233,0.84392332270241,4.60839156527218,0.416666666666667,0.583333333333333,12
"epiENGAGE-GBQR","frederick",0.780324434069536,1.9021067689496,0.824670044459676,2.92047439816892,0.333333333333333,0.666666666666667,12
"epiENGAGE-GBQR","georgia",0.613052788658883,1.36657124454898,0.798864890823922,2.36619457359837,0.5,0.75,12
"epiENGAGE-GBQR","greenville",0.709322696877715,1.97188782600117,0.873647415040831,3.32689344996539,0.333333333333333,0.75,12
"epiENGAGE-GBQR","hall",0.753003126030197,1.98090193817727,0.922429050198046,3.07112172163322,0.583333333333333,0.75,12
"epiENGAGE-GBQR","harford",0.682651569086304,2.05422293947587,0.892013213353786,3.75418494853026,0.25,0.666666666666667,12
"epiENGAGE-GBQR","henry",0.74906836485935,2.42614164664036,1.08358913360846,4.4890337786912,0.25,0.666666666666667,12
"epiENGAGE-GBQR","horry",0.626010899063545,1.77759675606762,0.879829211193562,3.37100470535142,0.416666666666667,0.833333333333333,12
"epiENGAGE-GBQR","houston",0.692432013389028,1.01765657762856,0.949265362914575,1.91871515302471,0.25,0.833333333333333,12
"epiENGAGE-GBQR","indiana",0.833888449588569,1.39444725283363,0.868930412998342,2.38661775519815,0.583333333333333,0.75,12
"epiENGAGE-GBQR","indianapolis",0.86859201694469,0.97439523919023,0.908176239187727,1.83875710872781,0.583333333333333,0.833333333333333,12
"epiENGAGE-GBQR","la-grange",0.705265727652191,2.54110890466473,0.852923815153269,3.85824859600035,0.166666666666667,0.666666666666667,12
"epiENGAGE-GBQR","larimer",0.683741155158489,1.61108326947287,0.900020282601008,2.74804949396207,0.25,0.583333333333333,12
"epiENGAGE-GBQR","lynn",0.686313796773898,1.50619193324255,0.934060308095906,2.82620818562315,0.333333333333333,0.75,12
"epiENGAGE-GBQR","macon",0.827315269182071,1.38694229662691,0.910458248796335,2.24748873147625,0.166666666666667,0.583333333333333,12
"epiENGAGE-GBQR","maine",0.678053253411926,1.02153314522468,0.833604547854745,1.79615639722617,0.5,0.75,12
"epiENGAGE-GBQR","marietta",0.70199488586753,1.9061710588361,0.910433153010784,3.33963433901715,0.583333333333333,0.833333333333333,12
"epiENGAGE-GBQR","maryland",0.683647171260568,1.80702016473513,0.863863313033519,3.17086102592043,0.583333333333333,0.75,12
"epiENGAGE-GBQR","massachusetts",0.558393746106333,1.49873729566208,0.821942027127422,2.95719866717073,0.416666666666667,0.75,12
"epiENGAGE-GBQR","mesa",0.758134106196418,3.90478215836193,0.771479324710407,4.65910114813644,0.333333333333333,0.583333333333333,12
"epiENGAGE-GBQR","minneapolis",0.667332579676893,2.51888869422169,0.79175097706958,3.95050871822997,0.166666666666667,0.583333333333333,12
"epiENGAGE-GBQR","minnesota",0.594046815601252,1.90029334112433,0.749276155584383,3.17990731633285,0.5,0.75,12
"epiENGAGE-GBQR","montgomery",0.82982266500378,2.0093854664633,0.97339660068082,3.39335617686047,0.5,0.666666666666667,12
"epiENGAGE-GBQR","nenc",0.624421834713166,3.15256646623379,0.816953885135086,4.52695585815199,0.0625,0.375,16
"epiENGAGE-GBQR","new-bedford",0.582561456611388,2.25428477245157,0.837289922692525,4.16700714127874,0.333333333333333,0.75,12
"epiENGAGE-GBQR","north-carolina",0.693124129471963,3.54961224544018,0.736075784706555,4.23171532070558,0.25,0.5,12
"epiENGAGE-GBQR","ogden",0.583672305824533,1.21341220731396,0.668424462874853,1.89871079106352,0.25,0.75,12
"epiENGAGE-GBQR","pittsfield",0.847996377108982,0.840508627925764,0.9776428738876,2.0802360272994,0.416666666666667,1,12
"epiENGAGE-GBQR","portland",0.778825563024861,0.936667463215145,0.791243057721996,1.44521723285647,0.5,0.75,12
"epiENGAGE-GBQR","provo",0.597353045660054,1.49800454698112,0.673247871709855,2.32123241202581,0.333333333333333,0.75,12
"epiENGAGE-GBQR","roanoke",1.26875270910227,1.65576350183682,0.928776915572201,2.32870731472145,0.25,0.625,8
"epiENGAGE-GBQR","rochester",0.892302914451559,2.40433028528344,0.83353506175989,3.20137203508742,0.416666666666667,0.583333333333333,12
"epiENGAGE-GBQR","rock-hill",0.593790761705835,3.16205098028925,0.873361346733864,5.55423618110383,0.333333333333333,0.666666666666667,12
"epiENGAGE-GBQR","rtp-area",0.628631882255093,1.87284292926859,0.655025560765541,2.45983406154241,0.4375,0.625,16
"epiENGAGE-GBQR","salt-lake-city",0.692341241680683,1.20053358762592,0.758830792252,2.26601927119907,0.5,0.833333333333333,12
"epiENGAGE-GBQR","san-antonio",0.752052546542037,1.66510967420567,0.78472795990523,2.60084558515213,0.333333333333333,0.583333333333333,12
"epiENGAGE-GBQR","savannah",0.840749470253633,1.04144319713115,0.917898968803593,1.46345256604304,0.5,0.583333333333333,12
"epiENGAGE-GBQR","senc",0.754884698020371,3.92685714013683,0.857214274295338,4.66240403850917,0,0.125,16
"epiENGAGE-GBQR","south-augusta",0.729902594007844,0.984759651464253,0.929556252770351,1.73875857328158,0.25,0.75,12
"epiENGAGE-GBQR","south-carolina",0.523922208245677,1.13435369854496,0.682932171849477,2.28609249400584,0.416666666666667,0.833333333333333,12
"epiENGAGE-GBQR","springfield",0.686431581865175,2.84267530774505,0.93554593252951,4.99707925765409,0.5,0.75,12
"epiENGAGE-GBQR","st-cloud",0.671798941832868,1.05262575563616,0.90310620431276,2.6321557360763,0.25,0.916666666666667,12
"epiENGAGE-GBQR","st-paul",0.69319496289853,2.91133667633365,0.824129846822119,4.09114709496372,0.0833333333333333,0.416666666666667,12
"epiENGAGE-GBQR","texas",0.626435035897059,1.16395440796905,0.727673948479806,2.20836515834324,0.416666666666667,0.75,12
"epiENGAGE-GBQR","triad-area",0.570522396185531,2.10462132940551,0.660393255017762,2.760776539911,0.25,0.625,16
"epiENGAGE-GBQR","utah",0.608416315134032,1.10799612655319,0.709456293489112,1.98538030846627,0.416666666666667,0.833333333333333,12
"epiENGAGE-GBQR","virginia",0.677371526925546,1.96472891942553,0.82587737233037,3.65284564311646,0.25,0.625,8
"epiENGAGE-GBQR","weld",0.596816953483985,2.29766490375948,0.635600392189944,3.49360339854438,0.416666666666667,0.583333333333333,12
"epiENGAGE-GBQR","wnc",0.701046810562268,2.19238827794948,0.754767900748354,2.7763920101752,0.25,0.5625,16
"epiENGAGE-GBQR","worcester",0.586995387534861,1.60819761046743,0.81772732909184,2.89399109646174,0.416666666666667,0.75,12
"epiENGAGE-baseline","athens",1,1.44945437465794,1,2.1019801980198,0.356435643564356,0.811881188118812,104
"epiENGAGE-baseline","austin",1,0.613046511445439,1,1.08445544554455,0.346534653465347,0.881188118811881,104
"epiENGAGE-baseline","baltimore",1,1.17742115995258,1,1.64079207920792,0.465346534653465,0.752475247524752,104
"epiENGAGE-baseline","bangor",1,0.98191237684329,1,1.46267326732673,0.356435643564356,0.851485148514851,104
"epiENGAGE-baseline","beaumont",1,1.60822421785096,1,2.18544554455446,0.366336633663366,0.762376237623762,104
"epiENGAGE-baseline","boston",1,0.91935588176185,1,1.32178217821782,0.336633663366337,0.772277227722772,104
"epiENGAGE-baseline","boulder",1,1.16889152660636,1,1.73594059405941,0.277227722772277,0.762376237623762,104
"epiENGAGE-baseline","charleston",1,0.681257008080688,1,1.24514851485149,0.277227722772277,0.900990099009901,104
"epiENGAGE-baseline","cherokee",1,1.67160768096204,1,2.36881188118812,0.306930693069307,0.821782178217822,104
"epiENGAGE-baseline","clt-area",1,2.20055696588122,1,2.68638095238095,0.142857142857143,0.723809523809524,108
"epiENGAGE-baseline","colorado",1,1.01162018025314,1,1.38663366336634,0.247524752475248,0.732673267326733,104
"epiENGAGE-baseline","colorado-springs",1,1.05114331881386,1,1.41574257425743,0.237623762376238,0.762376237623762,104
"epiENGAGE-baseline","columbia",1,0.840302307959775,1,1.41831683168317,0.415841584158416,0.891089108910891,104
"epiENGAGE-baseline","columbus",1,1.10290675774785,1,1.64653787450817,0.247524752475248,0.772277227722772,104
"epiENGAGE-baseline","dallas",1,0.780410470729255,1,1.29306930693069,0.376237623762376,0.871287128712871,104
"epiENGAGE-baseline","denver",1,0.911036148717474,1,1.30722772277228,0.178217821782178,0.732673267326733,104
"epiENGAGE-baseline","deschutes",1,0.57324275066543,1,1.09438356164384,0.383561643835616,0.917808219178082,76
"epiENGAGE-baseline","duluth",1,1.43923890605402,1,2.07782178217822,0.287128712871287,0.782178217821782,104
"epiENGAGE-baseline","el-paso",1,2.65023293919607,1,3.13564356435644,0.455445544554455,0.772277227722772,104
"epiENGAGE-baseline","eugene",1,0.68271287535633,1,1.1358904109589,0.356164383561644,0.808219178082192,76
"epiENGAGE-baseline","fay-area",1,2.40204793143673,1,2.98761904761905,0.142857142857143,0.714285714285714,108
"epiENGAGE-baseline","florence",1,0.893233697448824,1,1.53683168316832,0.425742574257426,0.910891089108911,104
"epiENGAGE-baseline","floyd",1,1.75903012774876,1,2.38069306930693,0.405940594059406,0.801980198019802,104
"epiENGAGE-baseline","frederick",1,1.33447494887627,1,2.0039603960396,0.366336633663366,0.801980198019802,104
"epiENGAGE-baseline","georgia",1,0.977247576013858,1,1.38831683168317,0.247524752475248,0.811881188118812,104
"epiENGAGE-baseline","greenville",1,1.16547303392501,1,1.81564356435644,0.376237623762376,0.861386138613861,104
"epiENGAGE-baseline","hall",1,1.1613531890664,1,1.64950495049505,0.435643564356436,0.821782178217822,104
"epiENGAGE-baseline","harford",1,1.04060520184651,1,1.53891089108911,0.465346534653465,0.782178217821782,104
"epiENGAGE-baseline","henry",1,1.20877782969989,1,1.66049504950495,0.455445544554455,0.801980198019802,104
"epiENGAGE-baseline","horry",1,1.07093041833087,1,1.57633663366337,0.376237623762376,0.831683168316832,104
"epiENGAGE-baseline","houston",1,0.604175607634587,1,0.890792079207921,0.564356435643564,0.801980198019802,104
"epiENGAGE-baseline","indiana",1,0.823099845348649,1,1.39356435643564,0.297029702970297,0.861386138613861,104
"epiENGAGE-baseline","indianapolis",1,0.762672592834859,1,1.3870297029703,0.277227722772277,0.871287128712871,104
"epiENGAGE-baseline","la-grange",1,1.33414066068269,1,1.8680198019802,0.455445544554455,0.841584158415842,104
"epiENGAGE-baseline","larimer",1,0.880151713987089,1,1.23128712871287,0.445544554455446,0.782178217821782,104
"epiENGAGE-baseline","lynn",1,1.14794906812753,1,1.61554455445545,0.415841584158416,0.772277227722772,104
"epiENGAGE-baseline","macon",1,0.693544800121904,1,1.0270297029703,0.405940594059406,0.821782178217822,104
"epiENGAGE-baseline","maine",1,0.71216486975149,1,1.09683168316832,0.257425742574257,0.871287128712871,104
"epiENGAGE-baseline","marietta",1,1.21519536542869,1,1.68465346534653,0.386138613861386,0.811881188118812,104
"epiENGAGE-baseline","maryland",1,1.16973854902758,1,1.63237623762376,0.415841584158416,0.782178217821782,104
"epiENGAGE-baseline","massachusetts",1,1.10052281811514,1,1.55376237623762,0.316831683168317,0.762376237623762,104
"epiENGAGE-baseline","medford",1,1.1935663094411,1,1.75178082191781,0.410958904109589,0.712328767123288,76
"epiENGAGE-baseline","mesa",1,1.67548466498677,1,2.18749888502364,0.366336633663366,0.821782178217822,104
"epiENGAGE-baseline","minneapolis",1,1.45556751275478,1,1.9819801980198,0.217821782178218,0.772277227722772,104
"epiENGAGE-baseline","minnesota",1,1.2992172864834,1,1.84752475247525,0.297029702970297,0.792079207920792,104
"epiENGAGE-baseline","montgomery",1,1.1687970066326,1,1.66940594059406,0.405940594059406,0.801980198019802,104
"epiENGAGE-baseline","nenc",1,2.1482785818358,1,2.60952380952381,0.238095238095238,0.704761904761905,108
"epiENGAGE-baseline","new-bedford",1,1.46699044404691,1,2.09326732673267,0.267326732673267,0.772277227722772,104
"epiENGAGE-baseline","north-carolina",1,1.94193966659178,1,2.37762376237624,0.188118811881188,0.732673267326733,104
"epiENGAGE-baseline","ogden",1,0.893366576904187,1,1.32455445544554,0.346534653465347,0.821782178217822,104
"epiENGAGE-baseline","oregon",1,0.756658426424903,1,1.28164383561644,0.26027397260274,0.821917808219178,76
"epiENGAGE-baseline","pittsfield",1,0.861846909932485,1,1.55394986570729,0.297029702970297,0.861386138613861,104
"epiENGAGE-baseline","portland",1,0.707988167595538,1,1.0839603960396,0.267326732673267,0.841584158415842,104
"epiENGAGE-baseline","portland-or",1,0.582071422411757,1,1.08657534246575,0.287671232876712,0.904109589041096,76
"epiENGAGE-baseline","provo",1,1.1328360246798,1,1.59742574257426,0.455445544554455,0.831683168316832,104
"epiENGAGE-baseline","roanoke",1,0.597946939004461,1,1.17712871287129,0.247524752475248,0.95049504950495,104
"epiENGAGE-baseline","rochester",1,1.10220617746459,1,1.78950495049505,0.257425742574257,0.881188118811881,104
"epiENGAGE-baseline","rock-hill",1,1.79668117853827,1,2.54821782178218,0.514851485148515,0.801980198019802,104
"epiENGAGE-baseline","rtp-area",1,1.51910005208913,1,1.96342857142857,0.180952380952381,0.733333333333333,108
"epiENGAGE-baseline","salem",1,0.99351483260277,1,1.69219178082192,0.287671232876712,0.808219178082192,76
"epiENGAGE-baseline","salt-lake-city",1,0.753928597161518,1,1.19950495049505,0.346534653465347,0.821782178217822,104
"epiENGAGE-baseline","san-antonio",1,1.15809025757055,1,1.89633663366337,0.326732673267327,0.801980198019802,104
"epiENGAGE-baseline","savannah",1,0.636089928920945,1,0.92990099009901,0.297029702970297,0.742574257425743,104
"epiENGAGE-baseline","senc",1,1.91022185129574,1,2.29295238095238,0.266666666666667,0.704761904761905,108
"epiENGAGE-baseline","south-augusta",1,0.606939936718897,1,0.939009900990099,0.356435643564356,0.821782178217822,104
"epiENGAGE-baseline","south-carolina",1,0.918979946874818,1,1.46306930693069,0.306930693069307,0.861386138613861,104
"epiENGAGE-baseline","springfield",1,1.62792707269976,1,2.30148514851485,0.207920792079208,0.792079207920792,104
"epiENGAGE-baseline","st-cloud",1,0.935383845424082,1,1.64534653465347,0.277227722772277,0.871287128712871,104
"epiENGAGE-baseline","st-paul",1,1.57357360900504,1,2.02564356435644,0.188118811881188,0.722772277227723,104
"epiENGAGE-baseline","texas",1,0.821833110207292,1,1.32584158415842,0.346534653465347,0.851485148514851,104
"epiENGAGE-baseline","triad-area",1,1.62001611350769,1,2.08276190476191,0.238095238095238,0.742857142857143,108
"epiENGAGE-baseline","utah",1,0.816509462735563,1,1.23871287128713,0.356435643564356,0.831683168316832,104
"epiENGAGE-baseline","virginia",1,0.943506693602293,1,1.47029702970297,0.287128712871287,0.831683168316832,104
"epiENGAGE-baseline","weld",1,1.38774111932339,1,2.1019801980198,0.237623762376238,0.801980198019802,104
"epiENGAGE-baseline","wnc",1,1.3529216886728,1,1.73952380952381,0.19047619047619,0.771428571428571,108
"epiENGAGE-baseline","worcester",1,1.21353567818368,1,1.69287128712871,0.326732673267327,0.772277227722772,104
"epiENGAGE-ensemble_mean","athens",0.627564926389094,0.909261185480826,0.765590864116842,1.66324156001475,0.594059405940594,0.910891089108911,104
"epiENGAGE-ensemble_mean","austin",0.658693527736428,0.417647255402252,0.701919864953132,0.801586921915333,0.613861386138614,0.930693069306931,104
"epiENGAGE-ensemble_mean","baltimore",0.586015207811238,0.698531151431998,0.773601916522828,1.32713516039342,0.504950495049505,0.881188118811881,104
"epiENGAGE-ensemble_mean","bangor",0.631987245350246,0.582372550379212,0.876637862697695,1.24199294462597,0.524752475247525,0.96039603960396,104
"epiENGAGE-ensemble_mean","beaumont",0.563573337847619,0.930614143933312,0.717952343497374,1.6237378906982,0.495049504950495,0.881188118811881,104
"epiENGAGE-ensemble_mean","boston",0.583332885863878,0.529757555256673,0.776281386384654,1.03425098765294,0.495049504950495,0.891089108910891,104
"epiENGAGE-ensemble_mean","boulder",0.590790640729289,0.673739765384823,0.813409675365789,1.42363433219015,0.445544554455446,0.940594059405941,104
"epiENGAGE-ensemble_mean","charleston",0.685418373905226,0.489067882811898,0.666122732739991,0.898260293588477,0.712871287128713,0.940594059405941,104
"epiENGAGE-ensemble_mean","cherokee",0.692781465638625,1.15507819956024,0.810973306083132,1.93254255761363,0.534653465346535,0.891089108910891,104
"epiENGAGE-ensemble_mean","clt-area",0.630428879172402,1.28970562170631,0.861088382765898,2.23899899060494,0.428571428571429,0.838095238095238,108
"epiENGAGE-ensemble_mean","colorado",0.532995457904959,0.513654908847046,0.713247717160629,1.00188260022107,0.504950495049505,0.900990099009901,104
"epiENGAGE-ensemble_mean","colorado-springs",0.618123802104058,0.602676462834302,0.839834148173645,1.13876163795486,0.504950495049505,0.881188118811881,104
"epiENGAGE-ensemble_mean","columbia",0.719756994780055,0.62305546116093,0.83815047093137,1.20193039408684,0.594059405940594,0.930693069306931,104
"epiENGAGE-ensemble_mean","columbus",0.633987758599128,0.719568018952278,0.717172353181843,1.26642752994615,0.564356435643564,0.792079207920792,104
"epiENGAGE-ensemble_mean","dallas",0.64629207560828,0.540276352095488,0.635887828307215,0.91229217517405,0.663366336633663,0.920792079207921,104
"epiENGAGE-ensemble_mean","denver",0.580307613845076,0.489832035658578,0.771247079120283,1.00511287338918,0.504950495049505,0.891089108910891,104
"epiENGAGE-ensemble_mean","deschutes",0.601496371058174,0.353179918190947,0.651724110763751,0.740317927947903,0.602739726027397,1,76
"epiENGAGE-ensemble_mean","duluth",0.60178768097294,0.842915829076165,0.802197927291891,1.67071844142906,0.524752475247525,0.930693069306931,104
"epiENGAGE-ensemble_mean","el-paso",0.739450090420043,1.89884949222739,1.00436566560086,2.84771202026995,0.366336633663366,0.792079207920792,104
"epiENGAGE-ensemble_mean","eugene",0.494764836468364,0.341080755105345,0.578491234973694,0.678495217792499,0.602739726027397,0.972602739726027,76
"epiENGAGE-ensemble_mean","fay-area",0.625408141665079,1.5065994269985,0.799947812898325,2.44623142508465,0.476190476190476,0.847619047619048,108
"epiENGAGE-ensemble_mean","florence",0.676238903547669,0.621806313354366,0.797362027001067,1.25136521113371,0.514851485148515,0.96039603960396,104
"epiENGAGE-ensemble_mean","floyd",0.658081009425358,1.15891283459047,0.817936967298806,1.95843910876356,0.613861386138614,0.861386138613861,104
"epiENGAGE-ensemble_mean","frederick",0.604020210805917,0.781784075424241,0.770465438634168,1.55741380243507,0.376237623762376,0.851485148514851,104
"epiENGAGE-ensemble_mean","georgia",0.63971633854105,0.624493333806411,0.761921025407063,1.09029111434128,0.603960396039604,0.900990099009901,104
"epiENGAGE-ensemble_mean","greenville",0.721726965301431,0.857788568267135,0.816226186143937,1.50380529927259,0.564356435643564,0.891089108910891,104
"epiENGAGE-ensemble_mean","hall",0.666739910228685,0.771883035280913,0.802073076326235,1.33092885279176,0.465346534653465,0.841584158415842,104
"epiENGAGE-ensemble_mean","harford",0.582072142845967,0.623082035804383,0.772086750759347,1.24747671931357,0.435643564356436,0.900990099009901,104
"epiENGAGE-ensemble_mean","henry",0.625032862213485,0.754880938410398,0.836337503745644,1.40491622992157,0.544554455445545,0.900990099009901,104
"epiENGAGE-ensemble_mean","horry",0.637454068157205,0.701240392413047,0.760702802782468,1.25377498821279,0.613861386138614,0.891089108910891,104
"epiENGAGE-ensemble_mean","houston",0.623696590832438,0.394330095245726,0.790939397515079,0.746048829655879,0.633663366336634,0.920792079207921,104
"epiENGAGE-ensemble_mean","indiana",0.699309799704692,0.572038816144904,0.758368856848711,1.07040528339461,0.564356435643564,0.930693069306931,104
"epiENGAGE-ensemble_mean","indianapolis",0.70821980224666,0.538421627685686,0.791983735239685,1.1022027329142,0.495049504950495,0.940594059405941,104
"epiENGAGE-ensemble_mean","la-grange",0.665391824709457,0.89508356303177,0.816139217457513,1.56937330623871,0.613861386138614,0.900990099009901,104
"epiENGAGE-ensemble_mean","larimer",0.593574624540571,0.498226388162606,0.812289056487611,0.973614335086373,0.544554455445545,0.900990099009901,104
"epiENGAGE-ensemble_mean","lynn",0.540156451042927,0.607592476618889,0.72431520121608,1.17251966857923,0.524752475247525,0.910891089108911,104
"epiENGAGE-ensemble_mean","macon",0.649944601281568,0.449989935600242,0.778754220065291,0.848840129594166,0.584158415841584,0.920792079207921,104
"epiENGAGE-ensemble_mean","maine",0.702249494237757,0.484916012134582,0.814781769244587,0.872615119353737,0.613861386138614,0.930693069306931,104
"epiENGAGE-ensemble_mean","marietta",0.656641020232794,0.793577995473111,0.803238994841764,1.38144528213542,0.564356435643564,0.900990099009901,104
"epiENGAGE-ensemble_mean","maryland",0.555897714559913,0.653221315301839,0.772107018665427,1.27976117813085,0.504950495049505,0.891089108910891,104
"epiENGAGE-ensemble_mean","massachusetts",0.589248426906812,0.6377791117272,0.786995460734437,1.20464466107277,0.465346534653465,0.881188118811881,104
"epiENGAGE-ensemble_mean","medford",0.51156312904759,0.624128116451042,0.648908760912563,1.16001275571587,0.438356164383562,0.780821917808219,76
"epiENGAGE-ensemble_mean","mesa",0.607322818908197,1.04762757586835,0.702286787914239,1.64146841919465,0.564356435643564,0.792079207920792,104
"epiENGAGE-ensemble_mean","minneapolis",0.59304689737768,0.850011934790446,0.768589228602912,1.59264737675662,0.544554455445545,0.881188118811881,104
"epiENGAGE-ensemble_mean","minnesota",0.567926385824113,0.743741575199037,0.704521032582433,1.38113965632827,0.643564356435644,0.900990099009901,104
"epiENGAGE-ensemble_mean","montgomery",0.594085694075428,0.704419505186934,0.775302396042152,1.3430204277819,0.514851485148515,0.881188118811881,104
"epiENGAGE-ensemble_mean","nenc",0.572146658076247,1.25982673776462,0.780139700797869,2.12505771415959,0.466666666666667,0.828571428571429,108
"epiENGAGE-ensemble_mean","new-bedford",0.600767782423276,0.869774069932784,0.772360785210408,1.60828356355778,0.435643564356436,0.891089108910891,104
"epiENGAGE-ensemble_mean","north-carolina",0.592112588832644,1.15306581655195,0.753116294484429,1.84904019708277,0.465346534653465,0.841584158415842,104
"epiENGAGE-ensemble_mean","ogden",0.579830836549287,0.516159795961359,0.726136715357187,0.976967450435433,0.514851485148515,0.900990099009901,104
"epiENGAGE-ensemble_mean","oregon",0.515430788151603,0.401879308217161,0.518128067650396,0.692370238015453,0.698630136986301,0.917808219178082,76
"epiENGAGE-ensemble_mean","pittsfield",0.851156762719721,0.691810833607958,0.850205166781613,1.29350857821474,0.435643564356436,0.782178217821782,104
"epiENGAGE-ensemble_mean","portland",0.650339469943515,0.443255105978577,0.748672102128204,0.817214941253169,0.613861386138614,0.940594059405941,104
"epiENGAGE-ensemble_mean","portland-or",0.531966309314724,0.318864733676256,0.474904382387069,0.547105572894158,0.73972602739726,0.972602739726027,76
"epiENGAGE-ensemble_mean","provo",0.546575801547849,0.623533518254621,0.699009921629879,1.12274077469303,0.485148514851485,0.920792079207921,104
"epiENGAGE-ensemble_mean","roanoke",0.802898813123082,0.485104479695845,0.711969460657471,0.868741479319803,0.633663366336634,0.96039603960396,104
"epiENGAGE-ensemble_mean","rochester",0.706097899408192,0.803876754787243,0.73043396137214,1.36771347268803,0.643564356435644,0.920792079207921,104
"epiENGAGE-ensemble_mean","rock-hill",0.600739692463568,1.13299244486374,0.772034912658119,2.01029043437322,0.534653465346535,0.871287128712871,104
"epiENGAGE-ensemble_mean","rtp-area",0.549764203253649,0.863218628097496,0.703291771006076,1.48745846279368,0.561904761904762,0.857142857142857,108
"epiENGAGE-ensemble_mean","salem",0.547271714618653,0.56436471540757,0.535454814553717,0.946520615129314,0.726027397260274,0.931506849315068,76
"epiENGAGE-ensemble_mean","salt-lake-city",0.486623563583219,0.365519018333659,0.590060430542187,0.738428426053828,0.623762376237624,0.97029702970297,104
"epiENGAGE-ensemble_mean","san-antonio",0.640704461595285,0.777481051262727,0.735117755224348,1.45912455977091,0.534653465346535,0.910891089108911,104
"epiENGAGE-ensemble_mean","savannah",0.610330547538115,0.412729552216023,0.799308556673578,0.774292331610495,0.445544554455446,0.920792079207921,104
"epiENGAGE-ensemble_mean","senc",0.620914366865879,1.22381864077047,0.823316887686688,1.94990126920419,0.514285714285714,0.79047619047619,108
"epiENGAGE-ensemble_mean","south-augusta",0.698160568119805,0.413467415012328,0.830877210840105,0.776674429552572,0.584158415841584,0.930693069306931,104
"epiENGAGE-ensemble_mean","south-carolina",0.651718005253277,0.612300936048519,0.729831904728692,1.11327340860149,0.643564356435644,0.920792079207921,104
"epiENGAGE-ensemble_mean","springfield",0.717947568405326,1.1282983809194,0.842601223127326,1.89647624590345,0.465346534653465,0.851485148514851,104
"epiENGAGE-ensemble_mean","st-cloud",0.671026678115879,0.60752516085045,0.819491870895149,1.33914482715682,0.603960396039604,1,104
"epiENGAGE-ensemble_mean","st-paul",0.585569512900941,0.919397367338003,0.765248739070253,1.6275433748228,0.495049504950495,0.861386138613861,104
"epiENGAGE-ensemble_mean","texas",0.607522516076437,0.514197531216598,0.687010414416684,0.974356268764306,0.653465346534653,0.920792079207921,104
"epiENGAGE-ensemble_mean","triad-area",0.555708055453475,0.950158051843573,0.733137907211144,1.61737997012534,0.457142857142857,0.876190476190476,108
"epiENGAGE-ensemble_mean","utah",0.514123016481685,0.420805427114048,0.637835692432539,0.818438827711544,0.643564356435644,0.940594059405941,104
"epiENGAGE-ensemble_mean","virginia",0.606025307597937,0.582729471564402,0.708842258609085,1.09765338818386,0.574257425742574,0.930693069306931,104
"epiENGAGE-ensemble_mean","weld",0.599637590177731,0.806946577229508,0.725448409356479,1.56837544237193,0.504950495049505,0.881188118811881,104
"epiENGAGE-ensemble_mean","wnc",0.635039225597386,0.880177875853144,0.766085834746787,1.40753169854388,0.561904761904762,0.866666666666667,108
"epiENGAGE-ensemble_mean","worcester",0.59531294161457,0.707209057174874,0.771015507252626,1.30922378777398,0.504950495049505,0.881188118811881,104
"epiENGAGE-lop_norm","athens",0.59296364500645,0.844462589128485,0.801905808243251,1.7401541102329,0.564356435643564,0.96039603960396,104
"epiENGAGE-lop_norm","austin",0.658013172950755,0.409640892940433,0.718589125631954,0.821095821200064,0.673267326732673,0.96039603960396,104
"epiENGAGE-lop_norm","baltimore",0.58406317532036,0.676544878205144,0.820128149445054,1.39318540608786,0.514851485148515,0.940594059405941,104
"epiENGAGE-lop_norm","bangor",0.648533214642307,0.58792562801802,0.919780713534972,1.30140081576873,0.524752475247525,0.97029702970297,104
"epiENGAGE-lop_norm","beaumont",0.558669221538533,0.900742514481596,0.75997178665201,1.72932857043065,0.524752475247525,0.930693069306931,104
"epiENGAGE-lop_norm","boston",0.57431630452574,0.504792308764117,0.802283687407927,1.06742101450913,0.574257425742574,0.97029702970297,104
"epiENGAGE-lop_norm","boulder",0.591666138512101,0.659080190111542,0.832791989163837,1.45430102510553,0.475247524752475,0.99009900990099,104
"epiENGAGE-lop_norm","charleston",0.703390993795585,0.49609011786336,0.672982982562413,0.911680039608746,0.732673267326733,0.97029702970297,104
"epiENGAGE-lop_norm","cherokee",0.63259743368254,1.04229120477707,0.842755753525204,2.01824804716307,0.613861386138614,0.940594059405941,104
"epiENGAGE-lop_norm","clt-area",0.586689288356124,1.16386330460958,0.881829826031933,2.31028966644209,0.495238095238095,0.923809523809524,108
"epiENGAGE-lop_norm","colorado",0.535508331339305,0.499700620580594,0.767083855999472,1.07728469077748,0.514851485148515,0.97029702970297,104
"epiENGAGE-lop_norm","colorado-springs",0.582467340767536,0.555177177546316,0.869805103990974,1.18379117885281,0.554455445544555,0.96039603960396,104
"epiENGAGE-lop_norm","columbia",0.700974441516701,0.603035102657244,0.858106382565636,1.2323943905106,0.633663366336634,0.96039603960396,104
"epiENGAGE-lop_norm","columbus",0.638465605820771,0.717316935005608,0.73121968607942,1.29998472671937,0.663366336633663,0.930693069306931,104
"epiENGAGE-lop_norm","dallas",0.638225741004939,0.523038100930291,0.646580177874979,0.932085897031603,0.712871287128713,0.940594059405941,104
"epiENGAGE-lop_norm","denver",0.556593006701561,0.459792967212252,0.790000938062412,1.04301336818281,0.554455445544555,0.99009900990099,104
"epiENGAGE-lop_norm","deschutes",0.665910852715104,0.389745221329352,0.657362786939323,0.744227283578504,0.671232876712329,1,76
"epiENGAGE-lop_norm","duluth",0.592787518736012,0.818982799368762,0.807873664422413,1.69778251056088,0.554455445544555,0.96039603960396,104
"epiENGAGE-lop_norm","el-paso",0.652517780136287,1.65130700960933,1.03205875495307,2.94635984564422,0.405940594059406,0.910891089108911,104
"epiENGAGE-lop_norm","eugene",0.556145660220506,0.380783045224308,0.587983111974221,0.688379090297732,0.602739726027397,0.972602739726027,76
"epiENGAGE-lop_norm","fay-area",0.609133329826745,1.4094447477312,0.821364081814174,2.5131314148382,0.514285714285714,0.895238095238095,108
"epiENGAGE-lop_norm","florence",0.689220128159634,0.630007597968744,0.819583178195196,1.28772681373366,0.514851485148515,0.98019801980198,104
"epiENGAGE-lop_norm","floyd",0.600412898140058,1.04781312966756,0.843783441544652,2.03494249061153,0.633663366336634,0.940594059405941,104
"epiENGAGE-lop_norm","frederick",0.578359827564538,0.741736533196407,0.801080393740357,1.63040115770245,0.435643564356436,0.95049504950495,104
"epiENGAGE-lop_norm","georgia",0.588879219327061,0.563442357456998,0.780067009918879,1.12938034923302,0.633663366336634,0.940594059405941,104
"epiENGAGE-lop_norm","greenville",0.686387924000676,0.80796898056975,0.852225336628481,1.57047994954026,0.574257425742574,0.940594059405941,104
"epiENGAGE-lop_norm","hall",0.623866992436321,0.712216367203096,0.842123050729298,1.39613281886961,0.603960396039604,0.930693069306931,104
"epiENGAGE-lop_norm","harford",0.575711811896,0.606734326827405,0.797766564324838,1.29416617179825,0.564356435643564,0.97029702970297,104
"epiENGAGE-lop_norm","henry",0.584034582884102,0.696768843310609,0.867198452064171,1.45340197262374,0.544554455445545,0.96039603960396,104
"epiENGAGE-lop_norm","horry",0.610494392452837,0.663295271959955,0.797226519509927,1.32163930806813,0.653465346534653,0.96039603960396,104
"epiENGAGE-lop_norm","houston",0.622007667388441,0.37356162146047,0.805500340284625,0.771229998751182,0.683168316831683,0.98019801980198,104
"epiENGAGE-lop_norm","indiana",0.693406605344495,0.566704393680052,0.782344097461616,1.11125647792457,0.653465346534653,0.97029702970297,104
"epiENGAGE-lop_norm","indianapolis",0.707976085781695,0.538668597022344,0.829542993881019,1.15680841042153,0.544554455445545,0.97029702970297,104
"epiENGAGE-lop_norm","la-grange",0.614498291564451,0.823494525627432,0.823236564597117,1.59449760006332,0.633663366336634,0.940594059405941,104
"epiENGAGE-lop_norm","larimer",0.591737222402903,0.48803692724172,0.834585942104857,1.00742285467782,0.633663366336634,0.95049504950495,104
"epiENGAGE-lop_norm","lynn",0.545142168644485,0.594544565972564,0.782931856572749,1.26805693383471,0.613861386138614,0.97029702970297,104
"epiENGAGE-lop_norm","macon",0.626495177210203,0.427347180247054,0.769045046445164,0.845416049187461,0.594059405940594,0.97029702970297,104
"epiENGAGE-lop_norm","maine",0.720806765547475,0.487793734981421,0.848615411178386,0.912629966322522,0.663366336633663,0.95049504950495,104
"epiENGAGE-lop_norm","marietta",0.60280724273243,0.720265091391512,0.827083896325851,1.43382040003386,0.623762376237624,0.95049504950495,104
"epiENGAGE-lop_norm","maryland",0.544673308387559,0.627549738753321,0.813960364532789,1.35793174819988,0.554455445544555,0.95049504950495,104
"epiENGAGE-lop_norm","massachusetts",0.576517185326232,0.609928146008174,0.831730158528895,1.28268686626656,0.544554455445545,0.95049504950495,104
"epiENGAGE-lop_norm","medford",0.480337067063984,0.582000732000612,0.633873378629432,1.13183815147683,0.547945205479452,0.958904109589041,76
"epiENGAGE-lop_norm","mesa",0.573082566154388,0.977768379331924,0.710680201858939,1.65119402526007,0.663366336633663,0.920792079207921,104
"epiENGAGE-lop_norm","minneapolis",0.586056404463253,0.821972398914225,0.786677502554897,1.63389904590465,0.574257425742574,0.95049504950495,104
"epiENGAGE-lop_norm","minnesota",0.575213269250964,0.73130629658604,0.747511851756119,1.45584944041725,0.643564356435644,0.940594059405941,104
"epiENGAGE-lop_norm","montgomery",0.575120651121308,0.663303242783181,0.816751718241207,1.41387233013432,0.574257425742574,0.96039603960396,104
"epiENGAGE-lop_norm","nenc",0.544008868327234,1.15626933114705,0.792912257983646,2.18624992485261,0.485714285714286,0.904761904761905,108
"epiENGAGE-lop_norm","new-bedford",0.567662761968258,0.806620494410145,0.812865999084728,1.71086576405335,0.514851485148515,0.95049504950495,104
"epiENGAGE-lop_norm","north-carolina",0.56002986853102,1.04780265740452,0.777835971694319,1.94273136669423,0.584158415841584,0.930693069306931,104
"epiENGAGE-lop_norm","ogden",0.541323691815681,0.47349917893786,0.693282089651665,0.947180025353032,0.633663366336634,0.95049504950495,104
"epiENGAGE-lop_norm","oregon",0.537745188041281,0.415519499604993,0.508611638385349,0.676881121160076,0.794520547945205,0.958904109589041,76
"epiENGAGE-lop_norm","pittsfield",0.854457597878495,0.698725051120759,0.868804710006384,1.32299222333969,0.524752475247525,0.881188118811881,104
"epiENGAGE-lop_norm","portland",0.664136739952222,0.44550900712073,0.750974660667989,0.825514549627083,0.643564356435644,0.95049504950495,104
"epiENGAGE-lop_norm","portland-or",0.58335780862185,0.346273978009647,0.46762010151814,0.535995403695352,0.808219178082192,0.972602739726027,76
"epiENGAGE-lop_norm","provo",0.500479358697522,0.55621196099773,0.673901909257266,1.08171915578845,0.653465346534653,0.96039603960396,104
"epiENGAGE-lop_norm","roanoke",0.817910348376831,0.492256320552007,0.732625044539042,0.890928497163307,0.663366336633663,0.98019801980198,104
"epiENGAGE-lop_norm","rochester",0.746790777089768,0.836228674078149,0.745831934814733,1.38787329970594,0.693069306930693,0.920792079207921,104
"epiENGAGE-lop_norm","rock-hill",0.580519873598728,1.07264346642973,0.846216354066958,2.17590731288445,0.574257425742574,0.96039603960396,104
"epiENGAGE-lop_norm","rtp-area",0.536761971116972,0.806164730590994,0.716838350470184,1.52939794230529,0.619047619047619,0.933333333333333,108
"epiENGAGE-lop_norm","salem",0.561677161924482,0.574215819088409,0.51935020830183,0.91771623210872,0.753424657534247,0.972602739726027,76
"epiENGAGE-lop_norm","salt-lake-city",0.496986389409643,0.363528044646348,0.578212526898119,0.735303798360408,0.762376237623762,0.99009900990099,104
"epiENGAGE-lop_norm","san-antonio",0.626094351231972,0.756088198444855,0.737678512233475,1.47143472220613,0.594059405940594,0.940594059405941,104
"epiENGAGE-lop_norm","savannah",0.605200586314956,0.40587159708133,0.805508779784638,0.783128588894735,0.544554455445545,0.930693069306931,104
"epiENGAGE-lop_norm","senc",0.573787972705853,1.11023120250253,0.845367916366743,2.01598523156399,0.552380952380952,0.885714285714286,108
"epiENGAGE-lop_norm","south-augusta",0.702212455220917,0.412230528266714,0.842817550207649,0.796924006736721,0.623762376237624,0.940594059405941,104
"epiENGAGE-lop_norm","south-carolina",0.627131116670209,0.578371596888981,0.759962116775428,1.18023116040987,0.633663366336634,0.97029702970297,104
"epiENGAGE-lop_norm","springfield",0.718338398449615,1.10389306765747,0.906906168806925,2.03684151860948,0.465346534653465,0.920792079207921,104
"epiENGAGE-lop_norm","st-cloud",0.699913803725442,0.629834437988634,0.840664751113094,1.37551338459766,0.603960396039604,1,104
"epiENGAGE-lop_norm","st-paul",0.560358945039754,0.856513759033125,0.77461117973125,1.65346305352596,0.554455445544555,0.920792079207921,104
"epiENGAGE-lop_norm","texas",0.609172745537249,0.504577700632044,0.701406701508187,1.00999875134834,0.722772277227723,0.97029702970297,104
"epiENGAGE-lop_norm","triad-area",0.535962576038372,0.882860482457128,0.755411288066198,1.6820297295654,0.552380952380952,0.914285714285714,108
"epiENGAGE-lop_norm","utah",0.506892037672682,0.405259815971184,0.61606443856746,0.795480160494768,0.722772277227723,0.96039603960396,104
"epiENGAGE-lop_norm","virginia",0.612879417982401,0.580044586941597,0.740379113020574,1.14611760935279,0.574257425742574,0.96039603960396,104
"epiENGAGE-lop_norm","weld",0.576827525167609,0.762712903050646,0.749796500450521,1.63247346026985,0.534653465346535,0.98019801980198,104
"epiENGAGE-lop_norm","wnc",0.622140576679739,0.832151329053436,0.795252959443525,1.45862460259864,0.59047619047619,0.904761904761905,108
"epiENGAGE-lop_norm","worcester",0.581245714523777,0.673543534938779,0.814519668338855,1.38609887846768,0.564356435643564,0.96039603960396,104
"epiforecasts-dyngam","athens",0.561237610461475,0.836466287833209,0.75787996000732,1.70194412371134,0.556701030927835,0.896907216494845,100
"epiforecasts-dyngam","austin",0.714476322050185,0.478519069447738,0.790291102543338,0.930308757731959,0.391752577319588,0.917525773195876,100
"epiforecasts-dyngam","baltimore",0.527287053373799,0.654349958458806,0.757919995091931,1.34886948762887,0.443298969072165,0.865979381443299,100
"epiforecasts-dyngam","bangor",0.614901425442369,0.579267678976344,0.88462233213732,1.30716628917526,0.597938144329897,1,100
"epiforecasts-dyngam","beaumont",0.54311396371319,0.913644851951461,0.73495484150554,1.76738548453608,0.577319587628866,0.907216494845361,100
"epiforecasts-dyngam","boston",0.510090920167176,0.481057771098511,0.719678520288704,0.987378520618557,0.391752577319588,0.907216494845361,100
"epiforecasts-dyngam","boulder",0.527499055403897,0.592045101447308,0.775228688242268,1.35944599484536,0.474226804123711,0.979381443298969,100
"epiforecasts-dyngam","charleston",0.719924254171422,0.542304644408648,0.703175321954999,0.972807819587629,0.587628865979381,0.917525773195876,100
"epiforecasts-dyngam","cherokee",0.654037699348757,1.14837360106286,0.826201624714428,2.0493677371134,0.484536082474227,0.876288659793814,100
"epiforecasts-dyngam","clt-area",0.650418917866817,1.27232564729421,0.978208456745627,2.53183772580645,0.451612903225806,0.881720430107527,96
"epiforecasts-dyngam","colorado",0.504050571023506,0.483767718206329,0.729021174330646,1.0208799742268,0.371134020618557,0.896907216494845,100
"epiforecasts-dyngam","colorado-springs",0.547476810339671,0.547878354169674,0.775101962002371,1.08635329896907,0.443298969072165,0.927835051546392,100
"epiforecasts-dyngam","columbia",0.738686176571592,0.692784843959135,0.838417787926055,1.26580529381443,0.525773195876289,0.88659793814433,100
"epiforecasts-dyngam","columbus",0.680759729274638,0.769144924392586,0.716429825265071,1.30606471253093,0.618556701030928,0.865979381443299,100
"epiforecasts-dyngam","dallas",0.658932227530428,0.58657974745189,0.691599975047638,1.03404164948454,0.597938144329897,0.896907216494845,100
"epiforecasts-dyngam","denver",0.478653466080587,0.394507510515178,0.708405290817211,0.907849525773196,0.34020618556701,0.948453608247423,100
"epiforecasts-dyngam","deschutes",0.802233925438544,0.494241692244545,0.782580987157675,0.933650014492754,0.72463768115942,1,72
"epiforecasts-dyngam","duluth",0.566909013212678,0.780733119346059,0.789820527199932,1.69740893505155,0.618556701030928,1,100
"epiforecasts-dyngam","el-paso",0.689465584736049,1.85305920447881,0.952035826962433,2.87870937628866,0.402061855670103,0.783505154639175,100
"epiforecasts-dyngam","eugene",0.721564361214003,0.527255543772101,0.737825482116795,0.908328268115942,0.565217391304348,0.91304347826087,72
"epiforecasts-dyngam","fay-area",0.676272406477609,1.50461604409065,0.872029045617277,2.70044149462366,0.548387096774194,0.881720430107527,96
"epiforecasts-dyngam","florence",0.618306877031899,0.590608178212085,0.743403720356178,1.21949217010309,0.515463917525773,0.969072164948454,100
"epiforecasts-dyngam","floyd",0.574082681719734,1.0678966620146,0.77159991875703,1.93183244329897,0.608247422680412,0.865979381443299,100
"epiforecasts-dyngam","frederick",0.558825320981598,0.760858841754376,0.738441785508793,1.59554226907217,0.484536082474227,0.958762886597938,100
"epiforecasts-dyngam","georgia",0.707251786152974,0.734136195575172,0.871362189089856,1.30501034020619,0.474226804123711,0.865979381443299,100
"epiforecasts-dyngam","greenville",0.759945822305688,0.974339716738803,0.878736975787379,1.71819380412371,0.556701030927835,0.896907216494845,100
"epiforecasts-dyngam","hall",0.586254582297104,0.711748593965979,0.792402062943746,1.34384911340206,0.360824742268041,0.896907216494845,100
"epiforecasts-dyngam","harford",0.536609320594815,0.563231066925871,0.750770952967894,1.24841988350515,0.54639175257732,0.969072164948454,100
"epiforecasts-dyngam","henry",0.579691862084465,0.717308722339805,0.822950107413874,1.43676645360825,0.577319587628866,0.896907216494845,100
"epiforecasts-dyngam","horry",0.664921951308451,0.784243722781501,0.787322760075486,1.36105724226804,0.463917525773196,0.88659793814433,100
"epiforecasts-dyngam","houston",0.579344550044987,0.40828715180126,0.730949450332132,0.752482644329897,0.701030927835051,0.88659793814433,100
"epiforecasts-dyngam","indiana",0.6672960412398,0.583177687320619,0.789582627318981,1.17307956443299,0.412371134020619,0.917525773195876,100
"epiforecasts-dyngam","indianapolis",0.653144258615583,0.522640769729668,0.779366910134067,1.13953245721649,0.360824742268041,0.958762886597938,100
"epiforecasts-dyngam","la-grange",0.630945064673611,0.875149738207178,0.83231157974119,1.67222619484536,0.608247422680412,0.896907216494845,100
"epiforecasts-dyngam","larimer",0.499160102750935,0.418128697052993,0.739110811015319,0.904558915979381,0.515463917525773,0.948453608247423,100
"epiforecasts-dyngam","lynn",0.470094437673491,0.546559460548883,0.670078079639822,1.13659141237113,0.505154639175258,0.958762886597938,100
"epiforecasts-dyngam","macon",0.569388922998817,0.392655561708376,0.695802650974435,0.792843273195876,0.742268041237113,0.969072164948454,100
"epiforecasts-dyngam","maine",0.680959903441375,0.494575278920246,0.725468619393177,0.843443154639175,0.618556701030928,0.917525773195876,100
"epiforecasts-dyngam","marietta",0.588291823839825,0.7367038040623,0.769643242208739,1.37824462886598,0.474226804123711,0.88659793814433,100
"epiforecasts-dyngam","maryland",0.581821457213458,0.717369322183992,0.817150682288166,1.42383253092784,0.402061855670103,0.855670103092783,100
"epiforecasts-dyngam","massachusetts",0.610975132089154,0.695384597863832,0.821838808388284,1.32453312886598,0.309278350515464,0.876288659793814,100
"epiforecasts-dyngam","medford",0.658630128583073,0.845636093960109,0.835189445931139,1.57292283695652,0.376811594202899,0.898550724637681,72
"epiforecasts-dyngam","mesa",0.530265058653771,0.881602101133628,0.6368290867566,1.55602570463918,0.628865979381443,0.855670103092783,100
"epiforecasts-dyngam","minneapolis",0.497085288770584,0.731689063887171,0.687654958664299,1.50759628350515,0.56701030927835,0.938144329896907,100
"epiforecasts-dyngam","minnesota",0.541634065278819,0.747059126809994,0.701663313793186,1.42698806701031,0.556701030927835,0.917525773195876,100
"epiforecasts-dyngam","montgomery",0.547302113904115,0.685578278947022,0.732829631285878,1.34238068556701,0.494845360824742,0.876288659793814,100
"epiforecasts-dyngam","nenc",0.621254303743904,1.24029474449636,0.848109099424737,2.36965290483871,0.559139784946237,0.860215053763441,96
"epiforecasts-dyngam","new-bedford",0.563596249433707,0.866265107727807,0.731383731001331,1.60327432989691,0.257731958762887,0.876288659793814,100
"epiforecasts-dyngam","north-carolina",0.677303153482944,1.23013792452151,0.880656143335785,2.14680124193548,0.505376344086022,0.860215053763441,96
"epiforecasts-dyngam","ogden",0.498170341646541,0.438478613281715,0.693998851282813,0.948823329896907,0.45360824742268,0.958762886597938,100
"epiforecasts-dyngam","oregon",0.709369941553024,0.587144736872182,0.701202138997588,0.976627855072464,0.652173913043478,0.884057971014493,72
"epiforecasts-dyngam","pittsfield",0.69151863721895,0.594413619725726,0.770796455346435,1.22784216278351,0.474226804123711,0.907216494845361,100
"epiforecasts-dyngam","portland",0.631080264397476,0.439469534659495,0.767991327098031,0.868754105670103,0.628865979381443,0.979381443298969,100
"epiforecasts-dyngam","portland-or",0.818629401455523,0.526492169261272,0.6493506122564,0.779763362318841,0.666666666666667,0.884057971014493,72
"epiforecasts-dyngam","provo",0.451108010667343,0.508720789826174,0.640407798221944,1.02904345360825,0.505154639175258,0.958762886597938,100
"epiforecasts-dyngam","roanoke",0.790687943048103,0.515975162686713,0.744469483331938,0.954187742268041,0.556701030927835,0.948453608247423,100
"epiforecasts-dyngam","rochester",0.73943104921568,0.849835984125996,0.672822954321567,1.31178769175258,0.742268041237113,0.927835051546392,100
"epiforecasts-dyngam","rock-hill",0.638466786186604,1.30010643574578,0.836239146510036,2.32662073164948,0.505154639175258,0.865979381443299,100
"epiforecasts-dyngam","rtp-area",0.583504438102237,0.856380328186843,0.78954466404613,1.67268884462366,0.56989247311828,0.913978494623656,96
"epiforecasts-dyngam","salem",0.762975126573113,0.832239144168841,0.676418810461944,1.25055658695652,0.768115942028985,0.91304347826087,72
"epiforecasts-dyngam","salt-lake-city",0.45908393511015,0.330709706474084,0.598412504544307,0.713516530927835,0.45360824742268,0.969072164948454,100
"epiforecasts-dyngam","san-antonio",0.644817844394435,0.825902089978666,0.750350728358646,1.55500068041237,0.402061855670103,0.896907216494845,100
"epiforecasts-dyngam","savannah",0.671227715005275,0.458658458276364,0.872503490101471,0.862335431958763,0.443298969072165,0.917525773195876,100
"epiforecasts-dyngam","senc",0.678417184901877,1.17741368792287,0.911080594815644,2.14120029139785,0.548387096774194,0.849462365591398,96
"epiforecasts-dyngam","south-augusta",0.69398973441404,0.416604483582231,0.817833283755929,0.793034103092783,0.597938144329897,0.969072164948454,100
"epiforecasts-dyngam","south-carolina",0.734189354132669,0.757466497696449,0.805719335952682,1.30265592268041,0.484536082474227,0.88659793814433,100
"epiforecasts-dyngam","springfield",0.690389182072755,1.13267002366366,0.858875389073138,2.02576725773196,0.391752577319588,0.896907216494845,100
"epiforecasts-dyngam","st-cloud",0.610464560485894,0.573863161179281,0.662469503588445,1.11195610309278,0.742268041237113,0.969072164948454,100
"epiforecasts-dyngam","st-paul",0.582391494830074,0.927263920908935,0.819720056748639,1.82881469587629,0.515463917525773,0.855670103092783,100
"epiforecasts-dyngam","texas",0.648057354964281,0.576018999595934,0.74655811436783,1.1070252628866,0.628865979381443,0.917525773195876,100
"epiforecasts-dyngam","triad-area",0.618325843093808,0.972850634161141,0.866605816296326,1.8588667688172,0.505376344086022,0.881720430107527,96
"epiforecasts-dyngam","utah",0.499292577214246,0.403816470828322,0.646749047953394,0.813214108247423,0.45360824742268,0.927835051546392,100
"epiforecasts-dyngam","virginia",0.645403678935031,0.660116038546392,0.744672121175063,1.21720465979381,0.45360824742268,0.907216494845361,100
"epiforecasts-dyngam","weld",0.549190240861345,0.705672231062471,0.719168917895936,1.53757153608247,0.422680412371134,0.938144329896907,100
"epiforecasts-dyngam","wnc",0.659346045546217,0.849851219586111,0.800242103710604,1.4929142811828,0.602150537634409,0.903225806451613,96
"epiforecasts-dyngam","worcester",0.547633223171591,0.683573268453537,0.733393638913136,1.32363256649485,0.515463917525773,0.917525773195876,100
