"model_id","wis_scaled_relative_skill","wis","ae_median_scaled_relative_skill","ae_median","interval_coverage_50","interval_coverage_95","n"
"epiENGAGE-Copycat",0.514061443550406,31.792037037037,0.528092568292974,73.7833333333333,0.333333333333333,0.983333333333333,150
"epiENGAGE-GBQR",0.781587734692203,48.3371521454943,0.543528954701312,75.9400537876849,0.2,0.75,150
"epiENGAGE-INFLAenza",0.556937314108616,34.4436875,0.330609566980794,46.1916666666667,0.866666666666667,1,120
"epiENGAGE-baseline",1,61.8448192057798,1,139.716666666667,0.25,1,150
"epiENGAGE-ensemble_mean",0.574289802138811,35.5168489849978,0.564496030777829,78.8695037668423,0.433333333333333,1,120
"epiENGAGE-lop_norm",0.59481050064747,36.7859478742422,0.573654403363372,80.1490810565858,0.366666666666667,1,120
"epiforecasts-dyngam",0.641588742992178,39.6789398148148,0.631217941071216,88.1916666666667,0.55,1,150
