"model_id","wis_scaled_relative_skill","wis","ae_median_scaled_relative_skill","ae_median","interval_coverage_50","interval_coverage_95","n"
"epiENGAGE-Copycat",0.725652156849323,34.6431481481481,0.70980751604033,64.5333333333333,0.566666666666667,0.983333333333333,150
"epiENGAGE-GBQR",0.694554242365947,33.1585116754562,0.814970681157339,74.094417761888,0.3,1,150
"epiENGAGE-INFLAenza",0.81826180031331,39.0643981481482,0.591200733272227,53.75,0.9,1,120
"epiENGAGE-baseline",1,47.7407085766322,1,90.9166666666667,0.516666666666667,1,150
"epiENGAGE-ensemble_mean",0.66993348701759,31.9830993694338,0.686400042667481,62.4052038791852,0.716666666666667,1,150
"epiENGAGE-lop_norm",0.712590033520327,34.0195531249065,0.763674933723254,69.4307793910058,0.7,1,150
"epiforecasts-dyngam",0.689765253307588,32.9298819444444,0.673602199816682,61.2416666666667,0.783333333333333,1,150
