"model_id","wis_scaled_relative_skill","wis","ae_median_scaled_relative_skill","ae_median","interval_coverage_50","interval_coverage_95","n"
"epiENGAGE-Copycat",0.411871059140906,21.1878703703704,0.420795972943212,44.5833333333333,0.45,0.933333333333333,150
"epiENGAGE-GBQR",0.714557388543669,36.7589540091334,0.545623697807423,57.8088307826964,0.25,0.633333333333333,150
"epiENGAGE-INFLAenza",0.610834421584531,31.4231365740741,0.397671857794557,42.1333333333333,0.733333333333333,0.933333333333333,120
"epiENGAGE-baseline",1,51.4429695899604,1,105.95,0.35,1,150
"epiENGAGE-ensemble_mean",0.564697425518557,29.04971248848,0.554780595216424,58.7790040631801,0.466666666666667,0.95,108
"epiENGAGE-lop_norm",0.570793040088387,29.3632890034279,0.55399123810988,58.6953716777418,0.45,0.983333333333333,108
"epiforecasts-dyngam",0.559694366543663,28.7923402777778,0.562450841591946,59.5916666666667,0.633333333333333,0.966666666666667,150
