"model_id","wis_scaled_relative_skill","wis","ae_median_scaled_relative_skill","ae_median","interval_coverage_50","interval_coverage_95","n"
"epiENGAGE-Copycat",0.773582786466764,38.0673148148148,0.749515930293962,70.9666666666667,0.466666666666667,0.983333333333333,150
"epiENGAGE-GBQR",0.700899347627625,34.4906280057015,0.813040614144771,76.9813954826074,0.266666666666667,1,150
"epiENGAGE-INFLAenza",0.862204366283688,42.4283032407407,0.650677697588453,61.6083333333333,0.85,1,120
"epiENGAGE-baseline",1,49.2091027369963,1,94.6833333333333,0.433333333333333,1,120
"epiENGAGE-ensemble_mean",0.675697101243913,33.2504480742023,0.674269967903192,63.8421281276339,0.633333333333333,1,120
"epiENGAGE-lop_norm",0.725109684183462,35.6819969445749,0.759807691065931,71.9411248824259,0.633333333333333,1,120
"epiforecasts-dyngam",0.687378799858731,33.8252939814815,0.699348706213695,66.2166666666667,0.733333333333333,1,150
