"model_id","wis_scaled_relative_skill","wis","ae_median_scaled_relative_skill","ae_median","interval_coverage_50","interval_coverage_95","n"
"epiENGAGE-Copycat",0.597509758334359,38.9522222222222,0.521929291702102,71.6,0.5,0.966666666666667,150
"epiENGAGE-GBQR",0.602915885682713,39.3046527405484,0.654342160979051,89.7648387836428,0.233333333333333,0.95,120
"epiENGAGE-INFLAenza",0.712685955468178,46.4606666666667,0.520592880573442,71.4166666666667,0.816666666666667,1,96
"epiENGAGE-baseline",1,65.1909390246728,1,137.183333333333,0.35,1,150
"epiENGAGE-ensemble_mean",0.554502865115583,36.1485624687564,0.513126058812372,70.3923431680773,0.633333333333333,1,120
"epiENGAGE-lop_norm",0.585297364022366,38.1560847692838,0.557591089802545,76.4922043360791,0.616666666666667,1,120
"epiforecasts-dyngam",0.545054764911369,35.5326319444444,0.504920422791884,69.2666666666667,0.716666666666667,1,150
