"model_id","wis_scaled_relative_skill","wis","ae_median_scaled_relative_skill","ae_median","interval_coverage_50","interval_coverage_95","n"
"epiENGAGE-Copycat",0.473280766198602,23.4624691358025,0.541180339890895,48.1111111111111,0.455555555555556,0.9,150
"epiENGAGE-GBQR",0.60668785009824,30.004719811834,0.622554007118001,55.3067231037414,0.3,0.744444444444444,150
"epiENGAGE-INFLAenza",0.625854930669779,30.9431051587302,0.544859003126788,49.5119047619048,0.654761904761905,0.916666666666667,120
"epiENGAGE-baseline",1,49.8738861770721,1,89.4333333333333,0.533333333333333,1,150
"epiENGAGE-ensemble_mean",0.559483092498688,27.8053482301278,0.593250177566065,52.6451032013588,0.488888888888889,0.966666666666667,126
"epiENGAGE-lop_norm",0.56009671997303,27.8287343242576,0.586417393043179,51.9726276544862,0.477777777777778,0.988888888888889,126
"epiforecasts-dyngam",0.546129484271498,27.1196064814815,0.597386798472415,52.9333333333333,0.6,0.977777777777778,150
