"model_id","wis_scaled_relative_skill","wis","ae_median_scaled_relative_skill","ae_median","interval_coverage_50","interval_coverage_95","n"
"epiENGAGE-Copycat",0.396275696518921,46.2609259259259,0.380778888745989,99.5333333333333,0.416666666666667,0.966666666666667,150
"epiENGAGE-GBQR",0.343415408584717,37.0392553189245,0.316365652610547,70.4715426600899,0.333333333333333,0.95,150
"epiENGAGE-INFLAenza",0.479007662081666,53.3467384259259,0.366392126809759,87.8583333333333,0.75,1,120
"epiENGAGE-baseline",1,127.405268650595,1,268.3,0.15,0.983333333333333,120
"epiENGAGE-ensemble_mean",0.402745390801893,35.1995045555082,0.358159991380698,65.2739122464593,0.583333333333333,1,120
"epiENGAGE-lop_norm",0.4211126431426,36.8047822252331,0.373949984928284,68.1516056739805,0.611111111111111,1,120
"epiforecasts-dyngam",0.411835341120763,49.4364050925926,0.395346797380523,105.675,0.583333333333333,1,150
