"model_id","wis_scaled_relative_skill","wis","ae_median_scaled_relative_skill","ae_median","interval_coverage_50","interval_coverage_95","n"
"epiENGAGE-Copycat",0.539475340212152,31.7101851851852,0.499033629686896,64.55,0.516666666666667,0.983333333333333,150
"epiENGAGE-GBQR",0.581717868701091,34.1931872822745,0.449502299975957,58.1431225018901,0.316666666666667,0.95,150
"epiENGAGE-INFLAenza",0.619421838115506,36.4094143518519,0.353949233346218,45.7833333333333,0.916666666666667,1,120
"epiENGAGE-baseline",1,58.779675031513,1,129.35,0.333333333333333,1,150
"epiENGAGE-ensemble_mean",0.542162897408526,31.8681589238167,0.470204287433472,60.8209245795196,0.633333333333333,1,150
"epiENGAGE-lop_norm",0.565476136874701,33.2385035635703,0.477530012104204,61.7685070656787,0.583333333333333,1,150
"epiforecasts-dyngam",0.613724125053249,36.0745046296296,0.561332302538333,72.6083333333333,0.766666666666667,1,150
